n,id,domain,skill,difficulty,answer,part,pdf,page,q_y,ans_page,ans_y,end_page,end_y
1,d1a81099,Algebra,Linear inequalities in one or two variables,Medium,A,1,PSAT_Math_Part1_q1-350.pdf,1,168.8,1,666.2,2,137.7
2,c8f6ca7c,Algebra,Linear inequalities in one or two variables,Hard,A,1,PSAT_Math_Part1_q1-350.pdf,3,185.6,3,346.5,3,621.2
3,dcce85c2,Algebra,Linear equations in two variables,Hard,"189/5, 37.8",1,PSAT_Math_Part1_q1-350.pdf,4,174.4,4,202.4,4,387.2
4,1f7d5800,Algebra,Linear inequalities in one or two variables,Easy,A,1,PSAT_Math_Part1_q1-350.pdf,5,185.6,5,331.7,5,635.9
5,8bb5aaf8,Algebra,Linear equations in one variable,Medium,B,1,PSAT_Math_Part1_q1-350.pdf,6,174.4,6,305.7,6,506.6
6,ec0d8652,Algebra,Linear equations in two variables,Easy,A,1,PSAT_Math_Part1_q1-350.pdf,7,174.4,7,305.7,7,521.4
7,1d9a6078,Algebra,Systems of two linear equations in two variables,Hard,-34,1,PSAT_Math_Part1_q1-350.pdf,8,185.6,8,248.1,8,489.1
8,2226c9a5,Algebra,Linear equations in two variables,Hard,C,1,PSAT_Math_Part1_q1-350.pdf,9,174.4,9,305.7,9,581.1
9,1cc17260,Algebra,Linear equations in one variable,Medium,2,1,PSAT_Math_Part1_q1-350.pdf,10,174.4,10,222.1,10,459.6
10,a229cabe,Algebra,Systems of two linear equations in two variables,Medium,B,1,PSAT_Math_Part1_q1-350.pdf,11,185.6,11,346.5,11,576.9
11,cd2646d2,Algebra,Linear equations in two variables,Easy,B,1,PSAT_Math_Part1_q1-350.pdf,12,174.4,12,335.3,12,698.5
12,92921647,Algebra,Linear functions,Easy,B,1,PSAT_Math_Part1_q1-350.pdf,13,174.4,13,320.5,13,580.4
13,9868b7fc,Algebra,Linear inequalities in one or two variables,Hard,B,1,PSAT_Math_Part1_q1-350.pdf,14,185.6,14,346.5,14,621.2
14,9a1cd96b,Algebra,Linear inequalities in one or two variables,Medium,D,1,PSAT_Math_Part1_q1-350.pdf,15,185.6,15,585.4,15,815.8
15,e1f981b8,Algebra,Linear functions,Easy,9,1,PSAT_Math_Part1_q1-350.pdf,16,174.4,16,207.4,16,345.0
16,3b188791,Algebra,Linear equations in one variable,Medium,21,1,PSAT_Math_Part1_q1-350.pdf,17,174.4,17,222.1,17,374.5
17,0c5cc8c7,Algebra,Systems of two linear equations in two variables,Hard,87,1,PSAT_Math_Part1_q1-350.pdf,18,185.6,18,233.4,18,430.0
18,8e21bc65,Algebra,Linear functions,Medium,B,1,PSAT_Math_Part1_q1-350.pdf,19,174.4,19,671.9,20,44.9
19,d73f1c33,Algebra,Linear equations in one variable,Easy,C,1,PSAT_Math_Part1_q1-350.pdf,21,174.4,21,305.7,21,536.2
20,73e31b5e,Algebra,Systems of two linear equations in two variables,Medium,A,1,PSAT_Math_Part1_q1-350.pdf,22,185.6,22,346.5,22,621.2
21,7714fd2b,Algebra,Linear functions,Hard,67,1,PSAT_Math_Part1_q1-350.pdf,23,174.4,23,207.4,23,404.0
22,3eef8a08,Algebra,Linear functions,Easy,C,1,PSAT_Math_Part1_q1-350.pdf,24,174.4,24,613.5,25,18.9
23,deed83a1,Algebra,Systems of two linear equations in two variables,Hard,D,1,PSAT_Math_Part1_q1-350.pdf,26,185.6,26,346.5,26,725.2
24,9d50428c,Algebra,Systems of two linear equations in two variables,Hard,C,1,PSAT_Math_Part1_q1-350.pdf,27,185.6,27,376.0,27,695.0
25,b62ca837,Algebra,Systems of two linear equations in two variables,Medium,C,1,PSAT_Math_Part1_q1-350.pdf,28,185.6,28,420.3,28,768.8
26,47cc6093,Algebra,Linear functions,Hard,D,1,PSAT_Math_Part1_q1-350.pdf,29,174.4,29,305.7,29,611.3
27,e9a2206b,Algebra,Linear equations in one variable,Hard,"-.3266, -.3267, -49/150",1,PSAT_Math_Part1_q1-350.pdf,30,174.4,30,201.7,30,383.7
28,9f5ff8c2,Algebra,Linear functions,Medium,D,1,PSAT_Math_Part1_q1-350.pdf,31,174.4,31,320.5,31,595.2
29,26e3a069,Algebra,Linear functions,Easy,D,1,PSAT_Math_Part1_q1-350.pdf,32,174.4,32,305.7,32,521.4
30,a08e1d3e,Algebra,Linear functions,Hard,A,1,PSAT_Math_Part1_q1-350.pdf,33,174.4,33,320.5,33,624.7
31,edd6232c,Algebra,Systems of two linear equations in two variables,Hard,"1.8, 9/5",1,PSAT_Math_Part1_q1-350.pdf,34,185.6,34,242.5,34,453.9
32,76d7f04a,Algebra,Linear equations in one variable,Easy,B,1,PSAT_Math_Part1_q1-350.pdf,35,174.4,35,305.7,35,521.4
33,697c5748,Algebra,Linear functions,Hard,A,1,PSAT_Math_Part1_q1-350.pdf,36,174.4,36,424.5,36,758.9
34,b1145a50,Algebra,Linear equations in one variable,Easy,"0.2, 1/5",1,PSAT_Math_Part1_q1-350.pdf,37,174.4,37,222.1,37,359.8
35,d31c0757,Algebra,Linear equations in one variable,Medium,".2, 1/5",1,PSAT_Math_Part1_q1-350.pdf,38,174.4,38,201.7,38,394.9
36,b59c4af9,Algebra,Linear equations in one variable,Medium,C,1,PSAT_Math_Part1_q1-350.pdf,39,174.4,39,305.7,39,521.4
37,0eb2c6a2,Algebra,Systems of two linear equations in two variables,Medium,C,1,PSAT_Math_Part1_q1-350.pdf,40,185.6,40,346.5,40,665.5
38,2a58b08a,Algebra,Linear inequalities in one or two variables,Easy,D,1,PSAT_Math_Part1_q1-350.pdf,41,185.6,41,346.5,41,576.9
39,389ff1fb,Algebra,Linear equations in one variable,Easy,"8.6, 43/5",1,PSAT_Math_Part1_q1-350.pdf,42,174.4,42,216.5,42,354.1
40,a6ab27d1,Algebra,Systems of two linear equations in two variables,Medium,C,1,PSAT_Math_Part1_q1-350.pdf,43,185.6,43,346.5,43,562.2
41,a4b53a50,Algebra,Linear equations in one variable,Medium,C,1,PSAT_Math_Part1_q1-350.pdf,44,174.4,44,320.5,44,550.9
42,f084b2c3,Algebra,Linear equations in two variables,Medium,C,1,PSAT_Math_Part1_q1-350.pdf,45,174.4,45,588.9,45,819.4
43,62a13f1d,Algebra,Systems of two linear equations in two variables,Hard,11,1,PSAT_Math_Part1_q1-350.pdf,46,185.6,46,257.3,46,483.5
44,a762cee2,Algebra,Linear functions,Medium,A,1,PSAT_Math_Part1_q1-350.pdf,47,174.4,47,335.3,47,595.2
45,710119ea,Algebra,Linear equations in one variable,Easy,C,1,PSAT_Math_Part1_q1-350.pdf,48,174.4,48,320.5,48,565.7
46,5e8699ad,Algebra,Linear equations in two variables,Medium,A,1,PSAT_Math_Part1_q1-350.pdf,49,174.4,49,320.5,49,550.9
47,815ba8ee,Algebra,Linear equations in two variables,Medium,D,1,PSAT_Math_Part1_q1-350.pdf,50,174.4,50,335.3,50,609.9
48,1ff7bc88,Algebra,Linear functions,Medium,C,1,PSAT_Math_Part1_q1-350.pdf,51,174.4,51,305.7,51,612.7
49,b176c98f,Algebra,Linear functions,Hard,A,1,PSAT_Math_Part1_q1-350.pdf,52,174.4,52,320.5,52,580.4
50,6e850bbb,Algebra,Linear equations in one variable,Easy,A,1,PSAT_Math_Part1_q1-350.pdf,53,174.4,53,320.5,53,536.2
51,e7743fef,Algebra,Linear equations in one variable,Easy,480,1,PSAT_Math_Part1_q1-350.pdf,54,157.5,54,190.5,54,328.1
52,4d170b67,Algebra,Linear functions,Hard,D,1,PSAT_Math_Part1_q1-350.pdf,55,174.4,55,445.6,55,705.5
53,828fbdfc,Algebra,Linear inequalities in one or two variables,Medium,A,1,PSAT_Math_Part1_q1-350.pdf,56,185.6,56,346.5,56,680.2
54,5c60c35f,Algebra,Linear equations in one variable,Easy,40,1,PSAT_Math_Part1_q1-350.pdf,57,174.4,57,222.1,57,359.8
55,fcc4a886,Algebra,Linear equations in one variable,Hard,D,1,PSAT_Math_Part1_q1-350.pdf,58,174.4,58,335.3,58,624.7
56,fabe653f,Algebra,Systems of two linear equations in two variables,Hard,3,1,PSAT_Math_Part1_q1-350.pdf,59,185.6,59,248.1,59,415.3
57,772b3070,Algebra,Linear equations in two variables,Medium,B,1,PSAT_Math_Part1_q1-350.pdf,60,174.4,60,305.7,60,550.9
58,6d1cc26a,Algebra,Linear equations in two variables,Hard,D,1,PSAT_Math_Part1_q1-350.pdf,61,174.4,61,305.7,61,599.4
59,da7cded0,Algebra,Linear equations in one variable,Easy,C,1,PSAT_Math_Part1_q1-350.pdf,62,174.4,62,335.3,62,595.2
60,3ac93939,Algebra,Linear equations in one variable,Hard,42,1,PSAT_Math_Part1_q1-350.pdf,63,174.4,63,222.1,63,389.3
61,ac02dad2,Algebra,Linear equations in two variables,Medium,C,1,PSAT_Math_Part1_q1-350.pdf,64,174.4,64,335.3,64,595.2
62,2573a53e,Algebra,Linear functions,Medium,11,1,PSAT_Math_Part1_q1-350.pdf,65,174.4,65,269.2,65,436.4
63,7c24f272,Algebra,Linear inequalities in one or two variables,Hard,B,1,PSAT_Math_Part1_q1-350.pdf,66,185.6,66,346.5,66,635.9
64,35ade89d,Algebra,Linear functions,Hard,D,1,PSAT_Math_Part1_q1-350.pdf,67,174.4,67,447.7,67,751.9
65,11436130,Algebra,Linear equations in one variable,Medium,C,1,PSAT_Math_Part1_q1-350.pdf,68,174.4,68,320.5,68,580.4
66,25f7665c,Algebra,Systems of two linear equations in two variables,Hard,6,1,PSAT_Math_Part1_q1-350.pdf,69,185.6,69,248.1,69,549.5
67,75dc50c6,Algebra,Linear equations in two variables,Hard,B,1,PSAT_Math_Part1_q1-350.pdf,70,174.4,70,593.9,71,18.9
68,2b225f92,Algebra,Systems of two linear equations in two variables,Hard,B,1,PSAT_Math_Part1_q1-350.pdf,72,185.6,72,420.3,72,709.7
69,19014c22,Algebra,Linear equations in two variables,Medium,A,1,PSAT_Math_Part1_q1-350.pdf,73,174.4,73,305.7,73,550.9
70,36b3a5b7,Algebra,Linear functions,Medium,A,1,PSAT_Math_Part1_q1-350.pdf,74,174.4,74,335.3,74,609.9
71,45f00d75,Algebra,Systems of two linear equations in two variables,Medium,C,1,PSAT_Math_Part1_q1-350.pdf,75,185.6,75,346.5,75,606.4
72,b2d554a4,Algebra,Systems of two linear equations in two variables,Hard,-28,1,PSAT_Math_Part1_q1-350.pdf,76,185.6,76,248.1,76,503.8
73,0989eea4,Algebra,Linear equations in two variables,Hard,C,1,PSAT_Math_Part1_q1-350.pdf,77,174.4,77,570.7,78,18.9
74,3108220a,Algebra,Linear functions,Easy,C,1,PSAT_Math_Part1_q1-350.pdf,79,174.4,79,305.7,79,521.4
75,55614835,Algebra,Linear equations in two variables,Easy,D,1,PSAT_Math_Part1_q1-350.pdf,80,174.4,81,117.4,81,406.8
76,d6ded01f,Algebra,Linear equations in one variable,Hard,403,1,PSAT_Math_Part1_q1-350.pdf,82,174.4,82,216.5,82,444.8
77,f55b70f4,Algebra,Systems of two linear equations in two variables,Hard,D,1,PSAT_Math_Part1_q1-350.pdf,83,185.6,83,331.7,83,650.7
78,1269f3df,Algebra,Linear equations in one variable,Medium,A,1,PSAT_Math_Part1_q1-350.pdf,84,174.4,84,335.3,84,580.4
79,8b7fd4ac,Algebra,Linear functions,Medium,D,1,PSAT_Math_Part1_q1-350.pdf,85,174.4,85,335.3,85,595.2
80,46be5680,Algebra,Systems of two linear equations in two variables,Hard,B,1,PSAT_Math_Part1_q1-350.pdf,86,185.6,86,346.5,86,709.7
81,faa89fd2,Algebra,Linear inequalities in one or two variables,Medium,A,1,PSAT_Math_Part1_q1-350.pdf,87,185.6,87,346.5,87,635.9
82,4ca7a295,Algebra,Systems of two linear equations in two variables,Hard,D,1,PSAT_Math_Part1_q1-350.pdf,88,185.6,88,346.5,88,750.5
83,ac181113,Algebra,Linear functions,Medium,C,1,PSAT_Math_Part1_q1-350.pdf,89,174.4,89,335.3,89,609.9
84,2d54169d,Algebra,Systems of two linear equations in two variables,Hard,25,1,PSAT_Math_Part1_q1-350.pdf,90,185.6,90,233.4,90,430.0
85,bd243919,Algebra,Linear equations in two variables,Medium,B,1,PSAT_Math_Part1_q1-350.pdf,91,174.4,91,320.5,91,580.4
86,4522c150,Algebra,Linear equations in two variables,Hard,A,1,PSAT_Math_Part1_q1-350.pdf,92,174.4,92,574.2,93,18.9
87,df3b20f0,Algebra,Systems of two linear equations in two variables,Hard,35,1,PSAT_Math_Part1_q1-350.pdf,94,185.6,94,248.1,94,444.8
88,f7500040,Algebra,Systems of two linear equations in two variables,Medium,B,1,PSAT_Math_Part1_q1-350.pdf,95,185.6,96,510.2,96,814.4
89,bc1e9b9b,Algebra,Linear functions,Easy,A,1,PSAT_Math_Part1_q1-350.pdf,97,174.4,97,430.8,97,705.5
90,bef391e6,Algebra,Systems of two linear equations in two variables,Hard,D,1,PSAT_Math_Part1_q1-350.pdf,98,185.6,98,346.5,98,697.1
91,bd329fe0,Algebra,Systems of two linear equations in two variables,Easy,A,1,PSAT_Math_Part1_q1-350.pdf,99,185.6,99,346.5,99,621.2
92,1ef88808,Algebra,Systems of two linear equations in two variables,Medium,C,1,PSAT_Math_Part1_q1-350.pdf,100,185.6,100,346.5,100,562.2
93,abe39d7f,Algebra,Systems of two linear equations in two variables,Easy,B,1,PSAT_Math_Part1_q1-350.pdf,101,185.6,101,585.4,101,830.6
94,a1849c73,Algebra,Systems of two linear equations in two variables,Hard,D,1,PSAT_Math_Part1_q1-350.pdf,102,185.6,102,346.5,102,709.7
95,bc62c9b6,Algebra,Linear equations in two variables,Easy,A,1,PSAT_Math_Part1_q1-350.pdf,103,174.4,103,320.5,103,595.2
96,4de6314a,Algebra,Linear equations in one variable,Easy,A,1,PSAT_Math_Part1_q1-350.pdf,104,174.4,104,320.5,104,550.9
97,d8bd7b78,Algebra,Linear functions,Hard,-42,1,PSAT_Math_Part1_q1-350.pdf,105,174.4,105,216.5,105,429.3
98,2e47c476,Algebra,Linear inequalities in one or two variables,Medium,C,1,PSAT_Math_Part1_q1-350.pdf,106,185.6,106,346.5,106,650.7
99,304668b4,Algebra,Linear equations in two variables,Medium,".3846, 5/13",1,PSAT_Math_Part1_q1-350.pdf,107,174.4,107,201.7,107,368.9
100,35f40980,Algebra,Linear inequalities in one or two variables,Hard,182,1,PSAT_Math_Part1_q1-350.pdf,108,185.6,108,262.9,108,592.4
101,7808c7b0,Algebra,Linear inequalities in one or two variables,Medium,A,1,PSAT_Math_Part1_q1-350.pdf,109,154.9,109,347.3,109,678.1
102,b882793f,Algebra,Systems of two linear equations in two variables,Medium,A,1,PSAT_Math_Part1_q1-350.pdf,110,183.0,110,345.9,110,695.0
103,1a85e94a,Algebra,Systems of two linear equations in two variables,Hard,A,1,PSAT_Math_Part1_q1-350.pdf,111,183.0,111,345.9,111,650.7
104,3127ac95,Algebra,Linear inequalities in one or two variables,Hard,D,1,PSAT_Math_Part1_q1-350.pdf,112,171.8,112,408.4,112,757.5
105,f69d8c8f,Algebra,Linear functions,Hard,B,1,PSAT_Math_Part1_q1-350.pdf,113,171.8,113,434.4,113,739.2
106,389861fc,Algebra,Linear functions,Easy,B,1,PSAT_Math_Part1_q1-350.pdf,114,171.8,114,305.1,114,521.4
107,f193e75a,Algebra,Linear equations in one variable,Easy,D,1,PSAT_Math_Part1_q1-350.pdf,115,171.8,115,305.1,115,521.4
108,7ea92487,Algebra,Linear functions,Easy,B,1,PSAT_Math_Part1_q1-350.pdf,116,171.8,116,319.9,116,595.2
109,73da0278,Algebra,Systems of two linear equations in two variables,Hard,C,1,PSAT_Math_Part1_q1-350.pdf,117,183.0,117,404.9,117,754.0
110,d737500a,Algebra,Linear equations in one variable,Easy,C,1,PSAT_Math_Part1_q1-350.pdf,118,171.8,118,305.1,118,521.4
111,58d03572,Algebra,Systems of two linear equations in two variables,Hard,"3.5, 7/2",1,PSAT_Math_Part1_q1-350.pdf,119,183.0,119,256.6,119,557.9
112,d0d3c29c,Algebra,Systems of two linear equations in two variables,Medium,C,1,PSAT_Math_Part1_q1-350.pdf,120,183.0,120,345.9,120,562.2
113,4990b468,Algebra,Linear functions,Medium,C,1,PSAT_Math_Part1_q1-350.pdf,121,171.8,121,319.9,121,565.7
114,0bb9d90d,Algebra,Linear equations in two variables,Medium,A,1,PSAT_Math_Part1_q1-350.pdf,122,171.8,122,447.1,122,799.7
115,a0903fed,Algebra,Systems of two linear equations in two variables,Easy,A,1,PSAT_Math_Part1_q1-350.pdf,123,183.0,123,345.9,123,576.9
116,f762f4c4,Algebra,Linear functions,Easy,D,1,PSAT_Math_Part1_q1-350.pdf,124,171.8,124,319.9,124,536.2
117,b6c5bfb3,Algebra,Linear functions,Medium,C,1,PSAT_Math_Part1_q1-350.pdf,125,171.8,125,319.9,125,596.6
118,e97f2db3,Algebra,Systems of two linear equations in two variables,Hard,".2857, 2/7",1,PSAT_Math_Part1_q1-350.pdf,126,183.0,126,247.5,126,452.5
119,76f44a77,Algebra,Linear functions,Easy,B,1,PSAT_Math_Part1_q1-350.pdf,127,171.8,127,305.1,127,521.4
120,0fef875d,Algebra,Linear inequalities in one or two variables,Medium,5,1,PSAT_Math_Part1_q1-350.pdf,128,171.8,128,221.5,128,404.0
121,f9b3676d,Algebra,Systems of two linear equations in two variables,Hard,D,1,PSAT_Math_Part1_q1-350.pdf,129,183.0,129,345.9,129,576.9
122,143330a1,Algebra,Linear equations in two variables,Medium,4,1,PSAT_Math_Part1_q1-350.pdf,130,171.8,130,475.2,130,644.4
123,f75e6a40,Algebra,Systems of two linear equations in two variables,Easy,D,1,PSAT_Math_Part1_q1-350.pdf,131,183.0,131,345.9,131,562.2
124,d9958f0c,Algebra,Linear functions,Medium,A,1,PSAT_Math_Part1_q1-350.pdf,132,171.8,132,574.2,133,18.9
125,fac6ead2,Algebra,Linear functions,Hard,A,1,PSAT_Math_Part1_q1-350.pdf,134,171.8,134,319.9,134,609.9
126,2827595d,Algebra,Linear equations in two variables,Medium,13,1,PSAT_Math_Part1_q1-350.pdf,135,171.8,135,245.4,135,442.7
127,740a23e7,Algebra,Linear equations in one variable,Easy,B,1,PSAT_Math_Part1_q1-350.pdf,136,171.8,136,319.9,136,536.2
128,1ac409af,Algebra,Linear equations in two variables,Hard,A,1,PSAT_Math_Part1_q1-350.pdf,137,171.8,137,334.6,137,609.9
129,4c580285,Algebra,Linear functions,Easy,30,1,PSAT_Math_Part1_q1-350.pdf,138,171.8,138,206.7,138,345.0
130,42258aab,Algebra,Linear equations in two variables,Medium,9,1,PSAT_Math_Part1_q1-350.pdf,139,171.8,139,206.7,139,359.8
131,4325992e,Algebra,Linear equations in two variables,Hard,210,1,PSAT_Math_Part1_q1-350.pdf,140,171.8,140,260.1,140,472.2
132,a4695b90,Algebra,Systems of two linear equations in two variables,Medium,25,1,PSAT_Math_Part1_q1-350.pdf,141,183.0,141,247.5,141,400.5
133,104c58b2,Algebra,Linear equations in one variable,Hard,D,1,PSAT_Math_Part1_q1-350.pdf,142,171.8,142,319.9,142,580.4
134,95e42caf,Algebra,Linear functions,Medium,C,1,PSAT_Math_Part1_q1-350.pdf,143,171.8,143,305.1,143,565.7
135,8229671d,Algebra,Linear equations in one variable,Medium,8,1,PSAT_Math_Part1_q1-350.pdf,144,171.8,144,221.5,144,359.8
136,a5aa159f,Algebra,Systems of two linear equations in two variables,Medium,A,1,PSAT_Math_Part1_q1-350.pdf,145,183.0,145,345.9,145,617.7
137,144d0888,Algebra,Linear equations in two variables,Medium,-32,1,PSAT_Math_Part1_q1-350.pdf,146,171.8,146,206.7,146,359.8
138,3f2e31bd,Algebra,Linear equations in two variables,Medium,D,1,PSAT_Math_Part1_q1-350.pdf,147,171.8,147,305.1,147,550.9
139,39423fbf,Algebra,Linear functions,Medium,D,1,PSAT_Math_Part1_q1-350.pdf,148,171.8,148,319.9,148,580.4
140,0461a3a4,Algebra,Linear equations in two variables,Medium,A,1,PSAT_Math_Part1_q1-350.pdf,149,171.8,149,334.6,149,624.7
141,a28ee3f1,Algebra,Linear equations in two variables,Medium,C,1,PSAT_Math_Part1_q1-350.pdf,150,171.8,150,364.1,150,757.5
142,843533bc,Algebra,Linear equations in two variables,Easy,A,1,PSAT_Math_Part1_q1-350.pdf,151,171.8,151,671.2,152,96.9
143,83c21f13,Algebra,Linear equations in one variable,Hard,B,1,PSAT_Math_Part1_q1-350.pdf,153,171.8,153,319.9,153,595.2
144,dc85c551,Algebra,Linear functions,Easy,C,1,PSAT_Math_Part1_q1-350.pdf,154,171.8,154,334.6,154,580.4
145,15bcfa0b,Algebra,Linear functions,Easy,2,1,PSAT_Math_Part1_q1-350.pdf,155,171.8,155,206.7,155,345.0
146,8df58923,Algebra,Linear equations in two variables,Medium,B,1,PSAT_Math_Part1_q1-350.pdf,156,171.8,156,305.1,156,536.2
147,b8898a93,Algebra,Systems of two linear equations in two variables,Medium,C,1,PSAT_Math_Part1_q1-350.pdf,157,183.0,157,593.2,158,70.9
148,bfab48a4,Algebra,Linear equations in two variables,Easy,A,1,PSAT_Math_Part1_q1-350.pdf,159,171.8,159,349.4,159,639.5
149,028a4b2c,Algebra,Systems of two linear equations in two variables,Easy,B,1,PSAT_Math_Part1_q1-350.pdf,160,183.0,160,345.9,160,591.7
150,29057d17,Algebra,Linear inequalities in one or two variables,Medium,25,1,PSAT_Math_Part1_q1-350.pdf,161,171.8,161,221.5,161,418.8
151,eb330004,Algebra,Linear functions,Hard,B,1,PSAT_Math_Part1_q1-350.pdf,162,157.5,162,318.4,162,607.8
152,5eeef20e,Algebra,Linear functions,Easy,D,1,PSAT_Math_Part1_q1-350.pdf,163,174.4,163,335.3,163,639.5
153,d507e7ba,Algebra,Linear inequalities in one or two variables,Hard,B,1,PSAT_Math_Part1_q1-350.pdf,164,185.6,164,361.3,164,709.7
154,a96e353c,Algebra,Linear inequalities in one or two variables,Medium,D,1,PSAT_Math_Part1_q1-350.pdf,165,185.6,165,331.7,165,562.2
155,805354f5,Algebra,Linear equations in two variables,Medium,".25, 1/4",1,PSAT_Math_Part1_q1-350.pdf,166,174.4,166,201.7,166,368.9
156,8edd9405,Algebra,Linear functions,Hard,-12,1,PSAT_Math_Part1_q1-350.pdf,167,174.4,167,222.1,167,418.8
157,b15c634e,Algebra,Linear functions,Easy,B,1,PSAT_Math_Part1_q1-350.pdf,168,174.4,168,598.1,169,44.9
158,bfaa932c,Algebra,Systems of two linear equations in two variables,Hard,C,1,PSAT_Math_Part1_q1-350.pdf,170,185.6,170,380.2,170,743.5
159,9f591345,Algebra,Linear equations in two variables,Hard,A,1,PSAT_Math_Part1_q1-350.pdf,171,174.4,171,642.4,172,70.9
160,be7c80b1,Algebra,Linear inequalities in one or two variables,Medium,B,1,PSAT_Math_Part1_q1-350.pdf,173,185.6,173,346.5,173,635.9
161,f355fc06,Algebra,Linear equations in two variables,Easy,B,1,PSAT_Math_Part1_q1-350.pdf,174,174.4,174,612.8,175,100.5
162,81fa9041,Algebra,Linear equations in one variable,Hard,B,1,PSAT_Math_Part1_q1-350.pdf,176,174.4,176,320.5,176,627.5
163,f77140e4,Algebra,Linear inequalities in one or two variables,Hard,D,1,PSAT_Math_Part1_q1-350.pdf,177,185.6,177,683.1,178,167.2
164,b771895f,Algebra,Linear functions,Medium,C,1,PSAT_Math_Part1_q1-350.pdf,179,174.4,179,320.5,179,595.2
165,ce480966,Algebra,Linear functions,Medium,45,1,PSAT_Math_Part1_q1-350.pdf,180,174.4,180,222.1,180,359.8
166,03238eb2,Algebra,Systems of two linear equations in two variables,Hard,3,1,PSAT_Math_Part1_q1-350.pdf,181,185.6,181,248.1,181,430.0
167,eae227e1,Algebra,Linear equations in two variables,Hard,24,1,PSAT_Math_Part1_q1-350.pdf,182,174.4,182,222.1,182,433.6
168,c4b690d2,Algebra,Linear equations in one variable,Easy,A,1,PSAT_Math_Part1_q1-350.pdf,183,174.4,183,320.5,183,550.9
169,652cb78d,Algebra,Systems of two linear equations in two variables,Hard,B,1,PSAT_Math_Part1_q1-350.pdf,184,185.6,184,346.5,184,650.7
170,e84ae4e3,Algebra,Linear equations in one variable,Hard,11,1,PSAT_Math_Part1_q1-350.pdf,185,174.4,185,207.4,185,345.0
171,3bf5b5b3,Algebra,Linear functions,Medium,D,1,PSAT_Math_Part1_q1-350.pdf,186,174.4,186,305.7,186,580.4
172,b5963a10,Algebra,Linear functions,Medium,69,1,PSAT_Math_Part1_q1-350.pdf,187,174.4,187,201.7,187,339.4
173,13f677a4,Algebra,Linear functions,Hard,B,1,PSAT_Math_Part1_q1-350.pdf,188,174.4,188,320.5,188,580.4
174,c98d15e1,Algebra,Linear equations in one variable,Easy,55,1,PSAT_Math_Part1_q1-350.pdf,189,174.4,189,222.1,189,345.0
175,144e15c9,Algebra,Linear functions,Hard,C,1,PSAT_Math_Part1_q1-350.pdf,190,174.4,190,305.7,190,536.2
176,3fc0113d,Algebra,Linear functions,Medium,7,1,PSAT_Math_Part1_q1-350.pdf,191,174.4,191,201.7,191,398.4
177,b9e821cb,Algebra,Linear functions,Hard,B,1,PSAT_Math_Part1_q1-350.pdf,192,174.4,192,588.9,193,44.9
178,f82800cb,Algebra,Linear functions,Medium,A,1,PSAT_Math_Part1_q1-350.pdf,194,174.4,194,305.7,194,565.7
179,a4e1df2e,Algebra,Linear functions,Easy,C,1,PSAT_Math_Part1_q1-350.pdf,195,174.4,195,585.4,195,845.4
180,1e5390fd,Algebra,Systems of two linear equations in two variables,Easy,C,1,PSAT_Math_Part1_q1-350.pdf,196,185.6,196,581.9,196,812.3
181,a5eac396,Algebra,Linear equations in one variable,Hard,"-.9333, -14/15",1,PSAT_Math_Part1_q1-350.pdf,197,174.4,197,216.5,197,413.2
182,61853d97,Algebra,Linear inequalities in one or two variables,Medium,A,1,PSAT_Math_Part1_q1-350.pdf,198,185.6,198,712.6,199,137.7
183,dd42a36b,Algebra,Linear equations in one variable,Easy,35,1,PSAT_Math_Part1_q1-350.pdf,200,174.4,200,222.1,200,404.0
184,25d0931c,Algebra,Systems of two linear equations in two variables,Easy,4,1,PSAT_Math_Part1_q1-350.pdf,201,185.6,201,487.0,201,654.2
185,f7711f35,Algebra,Linear equations in two variables,Hard,C,1,PSAT_Math_Part1_q1-350.pdf,202,174.4,202,320.5,202,609.9
186,4b153444,Algebra,Systems of two linear equations in two variables,Medium,C,1,PSAT_Math_Part1_q1-350.pdf,203,185.6,203,346.5,203,562.2
187,e28c3fbe,Algebra,Linear inequalities in one or two variables,Medium,A,1,PSAT_Math_Part1_q1-350.pdf,204,185.6,204,331.7,204,591.7
188,75a8e183,Algebra,Systems of two linear equations in two variables,Medium,D,1,PSAT_Math_Part1_q1-350.pdf,205,185.6,205,346.5,205,635.9
189,c71c5c71,Algebra,Linear equations in one variable,Medium,10,1,PSAT_Math_Part1_q1-350.pdf,206,174.4,206,222.1,206,389.3
190,086840dd,Algebra,Linear functions,Hard,515,1,PSAT_Math_Part1_q1-350.pdf,207,174.4,207,232.7,207,432.9
191,51105ab7,Algebra,Systems of two linear equations in two variables,Medium,B,1,PSAT_Math_Part1_q1-350.pdf,208,185.6,208,346.5,208,576.9
192,d5a53f84,Algebra,Linear equations in two variables,Easy,D,1,PSAT_Math_Part1_q1-350.pdf,209,174.4,209,320.5,209,580.4
193,36ba6526,Algebra,Systems of two linear equations in two variables,Hard,D,1,PSAT_Math_Part1_q1-350.pdf,210,185.6,210,346.5,210,576.9
194,7ae90ec8,Algebra,Linear equations in two variables,Medium,9,1,PSAT_Math_Part1_q1-350.pdf,211,174.4,211,222.1,211,374.5
195,374cb937,Algebra,Linear equations in two variables,Medium,A,1,PSAT_Math_Part1_q1-350.pdf,212,174.4,212,320.5,212,580.4
196,c120f4f4,Algebra,Linear equations in one variable,Easy,D,1,PSAT_Math_Part1_q1-350.pdf,213,174.4,213,305.7,213,521.4
197,e7af391e,Algebra,Linear equations in one variable,Hard,".9411, .9412, 16/17",1,PSAT_Math_Part1_q1-350.pdf,214,174.4,214,216.5,214,398.4
198,77ccd38a,Algebra,Systems of two linear equations in two variables,Medium,30,1,PSAT_Math_Part1_q1-350.pdf,215,185.6,215,242.5,215,380.2
199,4d802587,Algebra,Linear functions,Hard,257,1,PSAT_Math_Part1_q1-350.pdf,216,174.4,216,222.1,216,492.6
200,b9133e6d,Algebra,Linear functions,Easy,A,1,PSAT_Math_Part1_q1-350.pdf,217,174.4,217,320.5,217,580.4
201,531af159,Algebra,Linear equations in one variable,Hard,294,1,PSAT_Math_Part1_q1-350.pdf,218,157.5,218,190.5,218,328.1
202,e5b7b067,Algebra,Systems of two linear equations in two variables,Medium,C,1,PSAT_Math_Part1_q1-350.pdf,219,185.6,219,346.5,219,576.9
203,a7481d1d,Algebra,Systems of two linear equations in two variables,Medium,A,1,PSAT_Math_Part1_q1-350.pdf,220,185.6,220,346.5,220,576.9
204,7d9d3fb4,Algebra,Linear functions,Easy,A,1,PSAT_Math_Part1_q1-350.pdf,221,174.4,221,574.2,221,789.8
205,6a564367,Algebra,Linear equations in two variables,Easy,C,1,PSAT_Math_Part1_q1-350.pdf,222,174.4,222,335.3,222,609.9
206,c206d65e,Algebra,Linear equations in one variable,Easy,A,1,PSAT_Math_Part1_q1-350.pdf,223,174.4,223,335.3,223,580.4
207,4c37c185,Algebra,Linear inequalities in one or two variables,Easy,C,1,PSAT_Math_Part1_q1-350.pdf,224,185.6,224,331.7,224,562.2
208,db7305ee,Algebra,Linear equations in one variable,Easy,B,1,PSAT_Math_Part1_q1-350.pdf,225,174.4,225,305.7,225,521.4
209,8bf18c83,Algebra,Linear functions,Hard,39,1,PSAT_Math_Part1_q1-350.pdf,226,174.4,226,222.1,226,404.0
210,f993c1b5,Algebra,Linear inequalities in one or two variables,Easy,A,1,PSAT_Math_Part1_q1-350.pdf,227,185.6,227,331.7,227,621.2
211,310c2cc7,Algebra,Linear functions,Hard,3331,1,PSAT_Math_Part1_q1-350.pdf,228,174.4,228,246.0,228,442.7
212,49a3d731,Algebra,Systems of two linear equations in two variables,Hard,B,1,PSAT_Math_Part1_q1-350.pdf,229,185.6,229,346.5,229,739.2
213,9e86a911,Algebra,Linear equations in two variables,Hard,-10,1,PSAT_Math_Part1_q1-350.pdf,230,174.4,230,207.4,230,389.3
214,2c16fe41,Algebra,Linear equations in one variable,Medium,D,1,PSAT_Math_Part1_q1-350.pdf,231,174.4,231,305.7,231,521.4
215,114dc543,Algebra,Linear equations in two variables,Hard,".5, 1/2",1,PSAT_Math_Part1_q1-350.pdf,232,174.4,232,201.7,232,385.8
216,551de84f,Algebra,Systems of two linear equations in two variables,Hard,A,1,PSAT_Math_Part1_q1-350.pdf,233,185.6,233,376.0,233,695.0
217,eed1dbb6,Algebra,Linear functions,Medium,B,1,PSAT_Math_Part1_q1-350.pdf,234,174.4,234,439.3,234,745.6
218,5f69b45d,Algebra,Linear equations in one variable,Easy,A,1,PSAT_Math_Part1_q1-350.pdf,235,174.4,235,305.7,235,521.4
219,e21c2169,Algebra,Systems of two linear equations in two variables,Hard,B,1,PSAT_Math_Part1_q1-350.pdf,236,185.6,236,346.5,236,621.2
220,60f35c6d,Algebra,Linear equations in one variable,Easy,130,1,PSAT_Math_Part1_q1-350.pdf,237,174.4,237,222.1,237,374.5
221,0e2e504f,Algebra,Linear functions,Easy,B,1,PSAT_Math_Part1_q1-350.pdf,238,174.4,238,305.7,238,536.2
222,556e4caa,Algebra,Linear equations in one variable,Easy,D,1,PSAT_Math_Part1_q1-350.pdf,239,174.4,239,305.7,239,550.9
223,5ca4fe7f,Algebra,Linear inequalities in one or two variables,Hard,D,1,PSAT_Math_Part1_q1-350.pdf,240,185.6,240,809.6,241,361.2
224,88917ace,Algebra,Linear functions,Easy,A,1,PSAT_Math_Part1_q1-350.pdf,242,174.4,242,335.3,242,595.2
225,77830a4f,Algebra,Linear functions,Medium,A,1,PSAT_Math_Part1_q1-350.pdf,243,174.4,243,335.3,243,580.4
226,937f7437,Algebra,Systems of two linear equations in two variables,Easy,B,1,PSAT_Math_Part1_q1-350.pdf,244,185.6,244,346.5,244,576.9
227,79b568d3,Algebra,Systems of two linear equations in two variables,Easy,B,1,PSAT_Math_Part1_q1-350.pdf,245,185.6,245,346.5,245,562.2
228,c20160de,Algebra,Linear inequalities in one or two variables,Easy,B,1,PSAT_Math_Part1_q1-350.pdf,246,185.6,246,331.7,246,635.9
229,c5c0dd21,Algebra,Linear equations in one variable,Easy,C,1,PSAT_Math_Part1_q1-350.pdf,247,174.4,247,320.5,247,536.2
230,392863a5,Algebra,Linear equations in one variable,Medium,B,1,PSAT_Math_Part1_q1-350.pdf,248,174.4,248,350.0,248,624.7
231,532da541,Algebra,Systems of two linear equations in two variables,Hard,A,1,PSAT_Math_Part1_q1-350.pdf,249,185.6,249,390.8,249,650.7
232,7af4dc7f,Algebra,Linear equations in one variable,Easy,A,1,PSAT_Math_Part1_q1-350.pdf,250,174.4,250,320.5,250,536.2
233,3c80bb57,Algebra,Linear functions,Easy,C,1,PSAT_Math_Part1_q1-350.pdf,251,174.4,251,320.5,251,565.7
234,729bbc01,Algebra,Linear inequalities in one or two variables,Hard,A,1,PSAT_Math_Part1_q1-350.pdf,252,185.6,252,346.5,252,650.7
235,55d10558,Algebra,Linear equations in one variable,Easy,C,1,PSAT_Math_Part1_q1-350.pdf,253,174.4,253,305.7,253,521.4
236,c7eb4ad9,Algebra,Linear equations in one variable,Easy,B,1,PSAT_Math_Part1_q1-350.pdf,254,174.4,254,305.7,254,521.4
237,7c71d844,Algebra,Linear functions,Medium,D,1,PSAT_Math_Part1_q1-350.pdf,255,174.4,255,335.3,255,580.4
238,49785a71,Algebra,Linear equations in one variable,Hard,C,1,PSAT_Math_Part1_q1-350.pdf,256,174.4,256,321.9,256,674.6
239,173484b2,Algebra,Linear equations in two variables,Hard,C,1,PSAT_Math_Part1_q1-350.pdf,257,174.4,257,588.9,258,44.9
240,61ab5e49,Algebra,Linear functions,Easy,B,1,PSAT_Math_Part1_q1-350.pdf,259,174.4,259,305.7,259,536.2
241,ffe7118f,Algebra,Systems of two linear equations in two variables,Hard,A,1,PSAT_Math_Part1_q1-350.pdf,260,185.6,260,600.2,261,44.9
242,4453d265,Algebra,Linear functions,Easy,D,1,PSAT_Math_Part1_q1-350.pdf,262,174.4,262,305.7,262,536.1
243,685ba18f,Algebra,Linear equations in one variable,Hard,D,1,PSAT_Math_Part1_q1-350.pdf,263,174.4,263,335.3,263,595.2
244,176d7796,Algebra,Linear equations in two variables,Easy,D,1,PSAT_Math_Part1_q1-350.pdf,264,174.4,264,574.2,264,789.8
245,79d9c537,Algebra,Linear equations in two variables,Medium,D,1,PSAT_Math_Part1_q1-350.pdf,265,174.4,265,335.3,265,565.7
246,07cab4f0,Algebra,Linear equations in two variables,Medium,A,1,PSAT_Math_Part1_q1-350.pdf,266,174.4,266,350.0,266,624.7
247,a854ff94,Algebra,Linear equations in two variables,Medium,A,1,PSAT_Math_Part1_q1-350.pdf,267,174.4,267,350.0,267,595.2
248,99235d83,Algebra,Linear functions,Easy,D,1,PSAT_Math_Part1_q1-350.pdf,268,174.4,268,574.2,268,789.8
249,52484f52,Algebra,Linear functions,Medium,A,1,PSAT_Math_Part1_q1-350.pdf,269,174.4,269,305.7,269,521.4
250,7c69b87f,Algebra,Linear equations in two variables,Hard,"13.75, 55/4",1,PSAT_Math_Part1_q1-350.pdf,270,174.4,270,201.7,270,383.7
251,c1cabad5,Algebra,Linear functions,Hard,A,1,PSAT_Math_Part1_q1-350.pdf,271,157.5,271,303.6,271,593.1
252,674f3a63,Algebra,Linear functions,Medium,D,1,PSAT_Math_Part1_q1-350.pdf,272,174.4,272,305.7,272,521.4
253,a9bdafcd,Algebra,Linear functions,Medium,B,1,PSAT_Math_Part1_q1-350.pdf,273,174.4,273,574.2,274,44.9
254,f3a8f54e,Algebra,Systems of two linear equations in two variables,Medium,1,1,PSAT_Math_Part1_q1-350.pdf,275,185.6,275,248.1,275,400.5
255,3757bc97,Algebra,Linear equations in one variable,Easy,B,1,PSAT_Math_Part1_q1-350.pdf,276,174.4,276,320.5,276,566.4
256,c0f646aa,Algebra,Systems of two linear equations in two variables,Hard,C,1,PSAT_Math_Part1_q1-350.pdf,277,185.6,277,346.5,277,724.5
257,309f1dc6,Algebra,Linear inequalities in one or two variables,Hard,D,1,PSAT_Math_Part1_q1-350.pdf,278,185.6,278,346.5,278,665.5
258,21526fbe,Algebra,Linear equations in one variable,Medium,C,1,PSAT_Math_Part1_q1-350.pdf,279,174.4,279,305.7,279,521.4
259,09f4035b,Algebra,Linear equations in two variables,Medium,D,1,PSAT_Math_Part1_q1-350.pdf,280,174.4,280,320.5,280,609.9
260,87bd4e09,Algebra,Linear functions,Easy,D,1,PSAT_Math_Part1_q1-350.pdf,281,174.4,281,305.7,281,521.4
261,6bd32629,Algebra,Linear functions,Easy,50,1,PSAT_Math_Part1_q1-350.pdf,282,174.4,282,236.9,282,389.3
262,d37842cc,Algebra,Systems of two linear equations in two variables,Easy,A,1,PSAT_Math_Part1_q1-350.pdf,283,185.6,283,346.5,283,562.2
263,6a8610a5,Algebra,Linear functions,Easy,50,1,PSAT_Math_Part1_q1-350.pdf,284,174.4,284,207.4,284,345.0
264,8b896724,Algebra,Linear functions,Easy,C,1,PSAT_Math_Part1_q1-350.pdf,285,174.4,285,613.5,286,44.9
265,59e1fbbe,Algebra,Linear inequalities in one or two variables,Hard,-14,1,PSAT_Math_Part1_q1-350.pdf,287,185.6,287,218.6,287,400.5
266,2c8566ba,Algebra,Linear functions,Hard,"16.25, 65/4",1,PSAT_Math_Part1_q1-350.pdf,288,174.4,288,297.3,288,582.5
267,82297d55,Algebra,Linear functions,Medium,D,1,PSAT_Math_Part1_q1-350.pdf,289,174.4,289,305.7,289,550.9
268,adf5e14b,Algebra,Linear functions,Medium,9,1,PSAT_Math_Part1_q1-350.pdf,290,174.4,290,216.5,290,398.4
269,07c14769,Algebra,Systems of two linear equations in two variables,Hard,D,1,PSAT_Math_Part1_q1-350.pdf,291,185.6,291,376.0,291,621.2
270,149c8821,Algebra,Linear equations in one variable,Easy,A,1,PSAT_Math_Part1_q1-350.pdf,292,174.4,292,320.5,292,536.2
271,cc9da54c,Algebra,Linear inequalities in one or two variables,Hard,D,1,PSAT_Math_Part1_q1-350.pdf,293,185.6,293,563.6,293,823.6
272,ea3f862c,Algebra,Linear equations in two variables,Medium,C,1,PSAT_Math_Part1_q1-350.pdf,294,174.4,294,574.2,294,837.6
273,273c9f49,Algebra,Linear functions,Medium,A,1,PSAT_Math_Part1_q1-350.pdf,295,174.4,295,305.7,295,536.2
274,5ddc0ad1,Algebra,Linear functions,Medium,774,1,PSAT_Math_Part1_q1-350.pdf,296,174.4,296,222.1,296,374.5
275,675325b9,Algebra,Linear functions,Easy,A,1,PSAT_Math_Part1_q1-350.pdf,297,174.4,297,320.5,297,550.9
276,cf9a5572,Algebra,Systems of two linear equations in two variables,Hard,8,1,PSAT_Math_Part1_q1-350.pdf,298,185.6,298,248.1,298,649.3
277,7ce498a1,Algebra,Linear inequalities in one or two variables,Hard,D,1,PSAT_Math_Part1_q1-350.pdf,299,185.6,299,581.9,300,44.9
278,800e59a0,Algebra,Systems of two linear equations in two variables,Easy,A,1,PSAT_Math_Part1_q1-350.pdf,301,185.6,301,346.5,301,562.2
279,09834b8b,Algebra,Linear inequalities in one or two variables,Hard,D,1,PSAT_Math_Part1_q1-350.pdf,302,185.6,302,585.4,303,44.9
280,f717089b,Algebra,Linear functions,Easy,B,1,PSAT_Math_Part1_q1-350.pdf,304,174.4,304,574.2,304,789.8
281,5d5d0dc7,Algebra,Systems of two linear equations in two variables,Hard,D,1,PSAT_Math_Part1_q1-350.pdf,305,185.6,305,644.5,306,183.4
282,30135558,Algebra,Linear inequalities in one or two variables,Hard,C,1,PSAT_Math_Part1_q1-350.pdf,307,185.6,307,683.1,308,211.5
283,65b23ff2,Algebra,Linear functions,Hard,A,1,PSAT_Math_Part1_q1-350.pdf,309,174.4,309,320.5,309,580.4
284,6bee1d56,Algebra,Systems of two linear equations in two variables,Hard,C,1,PSAT_Math_Part1_q1-350.pdf,310,185.6,310,346.5,310,621.2
285,17e93ce3,Algebra,Linear inequalities in one or two variables,Easy,C,1,PSAT_Math_Part1_q1-350.pdf,311,185.6,311,346.5,311,576.9
286,f66cba39,Algebra,Linear functions,Easy,C,1,PSAT_Math_Part1_q1-350.pdf,312,174.4,312,320.5,312,580.4
287,7eaf38ce,Algebra,Systems of two linear equations in two variables,Medium,D,1,PSAT_Math_Part1_q1-350.pdf,313,185.6,313,346.5,313,635.9
288,1c016d37,Algebra,Linear equations in two variables,Medium,"0.25, 1/4",1,PSAT_Math_Part1_q1-350.pdf,314,174.4,314,246.0,314,457.4
289,e5dafa84,Algebra,Linear equations in two variables,Easy,C,1,PSAT_Math_Part1_q1-350.pdf,315,174.4,315,574.2,315,789.8
290,2e4cdcad,Algebra,Linear inequalities in one or two variables,Easy,B,1,PSAT_Math_Part1_q1-350.pdf,316,185.6,316,331.7,316,576.9
291,be1cb6f1,Algebra,Linear equations in two variables,Hard,A,1,PSAT_Math_Part1_q1-350.pdf,317,174.4,317,425.2,317,690.8
292,cba73ea2,Algebra,Systems of two linear equations in two variables,Hard,D,1,PSAT_Math_Part1_q1-350.pdf,318,185.6,318,346.5,318,621.2
293,e348737d,Algebra,Linear functions,Hard,A,1,PSAT_Math_Part1_q1-350.pdf,319,174.4,319,320.5,319,565.7
294,e4c9754f,Algebra,Linear equations in two variables,Medium,D,1,PSAT_Math_Part1_q1-350.pdf,320,174.4,320,305.7,320,550.9
295,8b6409ac,Algebra,Linear equations in two variables,Easy,C,1,PSAT_Math_Part1_q1-350.pdf,321,174.4,321,320.5,321,580.4
296,6b2a1159,Algebra,Linear equations in two variables,Medium,46,1,PSAT_Math_Part1_q1-350.pdf,322,174.4,322,236.9,322,404.0
297,3ce8c43b,Algebra,Linear functions,Hard,A,1,PSAT_Math_Part1_q1-350.pdf,323,174.4,323,335.3,323,580.4
298,904f3cac,Algebra,Linear equations in two variables,Medium,A,1,PSAT_Math_Part1_q1-350.pdf,324,174.4,324,320.5,324,580.4
299,db849464,Algebra,Linear equations in one variable,Medium,C,1,PSAT_Math_Part1_q1-350.pdf,325,174.4,325,305.7,325,506.6
300,b2d83661,Algebra,Linear functions,Hard,A,1,PSAT_Math_Part1_q1-350.pdf,326,174.4,326,320.5,326,683.7
301,aae8b8c7,Algebra,Linear equations in two variables,Easy,D,1,PSAT_Math_Part1_q1-350.pdf,327,157.5,327,303.6,327,578.3
302,12a4a51b,Algebra,Systems of two linear equations in two variables,Hard,A,1,PSAT_Math_Part1_q1-350.pdf,328,185.6,328,346.5,328,650.7
303,32112ba4,Algebra,Linear equations in one variable,Easy,54,1,PSAT_Math_Part1_q1-350.pdf,329,174.4,329,207.4,329,345.0
304,63a9331e,Algebra,Linear functions,Medium,B,1,PSAT_Math_Part1_q1-350.pdf,330,174.4,330,320.5,330,673.2
305,8ee3ff82,Algebra,Linear equations in one variable,Medium,C,1,PSAT_Math_Part1_q1-350.pdf,331,174.4,331,335.3,331,624.7
306,7a495244,Algebra,Linear equations in two variables,Medium,B,1,PSAT_Math_Part1_q1-350.pdf,332,174.4,332,305.7,332,565.7
307,f08b80b6,Algebra,Systems of two linear equations in two variables,Hard,20,1,PSAT_Math_Part1_q1-350.pdf,333,185.6,333,248.1,333,400.5
308,57622fc3,Algebra,Linear equations in two variables,Easy,B,1,PSAT_Math_Part1_q1-350.pdf,334,174.4,334,335.3,334,580.4
309,cba7456d,Algebra,Linear equations in one variable,Hard,B,1,PSAT_Math_Part1_q1-350.pdf,335,174.4,335,305.7,335,550.9
310,5f546ecc,Algebra,Linear equations in one variable,Hard,C,1,PSAT_Math_Part1_q1-350.pdf,336,174.4,336,305.7,336,521.4
311,3f613d99,Algebra,Systems of two linear equations in two variables,Hard,B,1,PSAT_Math_Part1_q1-350.pdf,337,185.6,337,346.5,337,576.9
312,82feeb71,Algebra,Linear functions,Hard,".0465, 2/43",1,PSAT_Math_Part1_q1-350.pdf,338,174.4,338,201.7,338,398.4
313,d4915b30,Algebra,Linear equations in two variables,Medium,D,1,PSAT_Math_Part1_q1-350.pdf,339,174.4,339,305.7,339,567.1
314,5897227e,Algebra,Linear functions,Hard,B,1,PSAT_Math_Part1_q1-350.pdf,340,174.4,340,335.3,340,595.2
315,1f65f0a8,Algebra,Linear functions,Medium,3,1,PSAT_Math_Part1_q1-350.pdf,341,174.4,341,207.4,341,359.8
316,6e7e28ad,Algebra,Linear functions,Easy,B,1,PSAT_Math_Part1_q1-350.pdf,342,174.4,342,305.7,342,536.2
317,b6e45cd0,Algebra,Linear functions,Easy,C,1,PSAT_Math_Part1_q1-350.pdf,343,174.4,343,335.3,343,595.2
318,393baf87,Algebra,Linear inequalities in one or two variables,Medium,D,1,PSAT_Math_Part1_q1-350.pdf,344,185.6,344,578.4,344,823.6
319,e0bf6e4e,Algebra,Linear equations in two variables,Hard,"14.66, 14.67, 44/3",1,PSAT_Math_Part1_q1-350.pdf,345,174.4,345,201.7,345,383.7
320,224d2503,Algebra,Linear functions,Medium,C,1,PSAT_Math_Part1_q1-350.pdf,346,174.4,346,401.3,346,706.2
321,4a58cb67,Algebra,Linear equations in one variable,Medium,"24.5, 49/2",1,PSAT_Math_Part1_q1-350.pdf,347,174.4,347,216.5,347,383.7
322,02e51c3d,Algebra,Linear equations in one variable,Medium,B,1,PSAT_Math_Part1_q1-350.pdf,348,174.4,348,335.3,348,624.7
323,c25f8f4d,Algebra,Linear functions,Hard,500,1,PSAT_Math_Part1_q1-350.pdf,349,174.4,349,470.2,349,666.9
324,32be8a82,Algebra,Linear inequalities in one or two variables,Hard,D,1,PSAT_Math_Part1_q1-350.pdf,350,185.6,350,317.0,350,635.9
325,31499031,Algebra,Linear equations in two variables,Hard,40,1,PSAT_Math_Part1_q1-350.pdf,351,174.4,351,251.6,351,448.3
326,139fec63,Algebra,Linear equations in one variable,Hard,C,1,PSAT_Math_Part1_q1-350.pdf,352,174.4,352,335.3,352,624.7
327,f235b54c,Algebra,Linear equations in two variables,Hard,B,1,PSAT_Math_Part1_q1-350.pdf,353,174.4,353,424.5,353,747.0
328,8e338d65,Algebra,Linear equations in one variable,Hard,-22,1,PSAT_Math_Part1_q1-350.pdf,354,174.4,354,222.1,354,374.5
329,bf9315c0,Algebra,Linear functions,Medium,D,1,PSAT_Math_Part1_q1-350.pdf,355,174.4,355,320.5,355,580.4
330,8bc32738,Algebra,Systems of two linear equations in two variables,Hard,24,1,PSAT_Math_Part1_q1-350.pdf,356,185.6,356,248.1,356,415.3
331,017427ff,Algebra,Linear equations in one variable,Easy,B,1,PSAT_Math_Part1_q1-350.pdf,357,174.4,357,335.3,357,609.9
332,fc285932,Algebra,Linear inequalities in one or two variables,Easy,D,1,PSAT_Math_Part1_q1-350.pdf,358,185.6,358,331.7,358,576.9
333,0ef62ebb,Algebra,Linear inequalities in one or two variables,Medium,A,1,PSAT_Math_Part1_q1-350.pdf,359,185.6,359,331.7,359,591.7
334,9559faae,Algebra,Systems of two linear equations in two variables,Medium,C,1,PSAT_Math_Part1_q1-350.pdf,360,185.6,360,346.5,360,591.7
335,3c94b861,Algebra,Linear equations in one variable,Medium,D,1,PSAT_Math_Part1_q1-350.pdf,361,174.4,361,320.5,361,609.9
336,b3ff677c,Algebra,Linear equations in one variable,Easy,A,1,PSAT_Math_Part1_q1-350.pdf,362,174.4,362,320.5,362,550.9
337,1e0a38e7,Algebra,Linear functions,Easy,C,1,PSAT_Math_Part1_q1-350.pdf,363,174.4,363,574.2,363,789.8
338,68b9bd32,Algebra,Linear equations in two variables,Hard,".1764, .1765, 3/17",1,PSAT_Math_Part1_q1-350.pdf,364,174.4,364,201.7,364,387.9
339,a18fe14c,Algebra,Linear inequalities in one or two variables,Hard,C,1,PSAT_Math_Part1_q1-350.pdf,365,185.6,365,683.1,366,211.5
340,593de6f7,Algebra,Linear equations in one variable,Hard,C,1,PSAT_Math_Part1_q1-350.pdf,367,174.4,367,305.7,367,550.9
341,221b6f45,Algebra,Linear functions,Hard,C,1,PSAT_Math_Part1_q1-350.pdf,368,174.4,368,424.5,368,773.0
342,6f02a16a,Algebra,Linear functions,Hard,C,1,PSAT_Math_Part1_q1-350.pdf,369,174.4,369,320.5,369,580.4
343,10898fb9,Algebra,Linear functions,Hard,D,1,PSAT_Math_Part1_q1-350.pdf,370,174.4,370,320.5,370,580.4
344,95023651,Algebra,Linear equations in one variable,Medium,D,1,PSAT_Math_Part1_q1-350.pdf,371,174.4,371,320.5,371,595.2
345,6f9dabea,Algebra,Systems of two linear equations in two variables,Hard,80,1,PSAT_Math_Part1_q1-350.pdf,372,185.6,372,248.1,372,470.8
346,b4c22438,Algebra,Linear equations in two variables,Medium,B,1,PSAT_Math_Part1_q1-350.pdf,373,174.4,373,481.4,373,785.6
347,85059bec,Algebra,Systems of two linear equations in two variables,Hard,10,1,PSAT_Math_Part1_q1-350.pdf,374,185.6,374,248.1,374,489.1
348,097a4f83,Algebra,Systems of two linear equations in two variables,Hard,A,1,PSAT_Math_Part1_q1-350.pdf,375,185.6,375,615.0,376,85.7
349,86e98b7d,Algebra,Linear equations in one variable,Hard,60,1,PSAT_Math_Part1_q1-350.pdf,377,174.4,377,207.4,377,359.8
350,ece4e9e6,Algebra,Linear inequalities in one or two variables,Medium,B,1,PSAT_Math_Part1_q1-350.pdf,378,185.6,378,346.5,378,680.2
351,259ab62a,Algebra,Linear equations in one variable,Medium,6,2,PSAT_Math_Part2_q351-700.pdf,1,157.5,1,190.5,1,328.1
352,ec9fddca,Algebra,Linear equations in two variables,Medium,D,2,PSAT_Math_Part2_q351-700.pdf,2,174.4,2,305.7,2,580.4
353,ec8fc70e,Algebra,Linear inequalities in one or two variables,Medium,A,2,PSAT_Math_Part2_q351-700.pdf,3,185.6,3,331.7,3,606.4
354,337be703,Algebra,Linear inequalities in one or two variables,Easy,C,2,PSAT_Math_Part2_q351-700.pdf,4,185.6,4,331.7,4,621.2
355,afcbd26d,Algebra,Linear functions,Easy,D,2,PSAT_Math_Part2_q351-700.pdf,5,174.4,5,335.3,5,595.2
356,09dd5dc0,Algebra,Linear inequalities in one or two variables,Hard,C,2,PSAT_Math_Part2_q351-700.pdf,6,185.6,6,331.7,6,635.9
357,f3e46b78,Algebra,Linear equations in two variables,Medium,A,2,PSAT_Math_Part2_q351-700.pdf,7,174.4,7,671.9,8,96.9
358,fe28a56a,Algebra,Linear functions,Medium,A,2,PSAT_Math_Part2_q351-700.pdf,9,174.4,9,320.5,9,595.2
359,e3672617,Algebra,Linear equations in two variables,Easy,14,2,PSAT_Math_Part2_q351-700.pdf,10,174.4,10,222.1,10,389.3
360,13b10306,Algebra,Linear functions,Easy,B,2,PSAT_Math_Part2_q351-700.pdf,11,174.4,11,350.0,11,639.5
361,85c1496b,Algebra,Linear functions,Medium,A,2,PSAT_Math_Part2_q351-700.pdf,12,174.4,12,593.9,13,18.9
362,8f4965b5,Algebra,Linear equations in two variables,Hard,A,2,PSAT_Math_Part2_q351-700.pdf,14,174.4,14,335.3,14,609.9
363,d9069ff3,Algebra,Linear functions,Medium,11,2,PSAT_Math_Part2_q351-700.pdf,15,174.4,15,236.9,15,404.0
364,9eaba458,Algebra,Linear equations in one variable,Easy,17,2,PSAT_Math_Part2_q351-700.pdf,16,174.4,16,207.4,16,359.8
365,37bbfa3d,Algebra,Linear functions,Hard,D,2,PSAT_Math_Part2_q351-700.pdf,17,174.4,17,320.5,17,554.4
366,61bbd673,Algebra,Linear functions,Medium,241,2,PSAT_Math_Part2_q351-700.pdf,18,174.4,18,236.9,18,418.8
367,365b9585,Algebra,Linear inequalities in one or two variables,Hard,B,2,PSAT_Math_Part2_q351-700.pdf,19,185.6,19,317.0,19,606.4
368,3617a434,Algebra,Linear equations in two variables,Hard,B,2,PSAT_Math_Part2_q351-700.pdf,20,174.4,20,409.0,20,791.2
369,c55794d8,Algebra,Systems of two linear equations in two variables,Hard,B,2,PSAT_Math_Part2_q351-700.pdf,21,185.6,21,346.5,21,739.2
370,26c46450,Algebra,Linear equations in two variables,Medium,D,2,PSAT_Math_Part2_q351-700.pdf,22,174.4,22,305.7,22,550.9
371,3b0116a2,Algebra,Linear equations in two variables,Medium,B,2,PSAT_Math_Part2_q351-700.pdf,23,174.4,23,335.3,23,639.5
372,69a5295b,Algebra,Linear inequalities in one or two variables,Hard,D,2,PSAT_Math_Part2_q351-700.pdf,24,185.6,24,683.1,25,211.5
373,5f1897a1,Algebra,Linear equations in two variables,Medium,A,2,PSAT_Math_Part2_q351-700.pdf,26,174.4,26,305.7,26,609.9
374,da845af8,Algebra,Linear equations in one variable,Medium,A,2,PSAT_Math_Part2_q351-700.pdf,27,174.4,27,320.5,27,537.6
375,19e7dacc,Algebra,Systems of two linear equations in two variables,Medium,C,2,PSAT_Math_Part2_q351-700.pdf,28,185.6,28,346.5,28,680.2
376,8b5f8787,Algebra,Linear functions,Hard,D,2,PSAT_Math_Part2_q351-700.pdf,29,174.4,29,424.5,29,733.6
377,d60b089f,Algebra,Linear functions,Easy,B,2,PSAT_Math_Part2_q351-700.pdf,30,174.4,30,305.7,30,521.4
378,df59edf3,Algebra,Linear functions,Easy,C,2,PSAT_Math_Part2_q351-700.pdf,31,174.4,31,335.3,31,565.7
379,a0016bd6,Algebra,Linear inequalities in one or two variables,Easy,A,2,PSAT_Math_Part2_q351-700.pdf,32,185.6,32,585.4,33,44.9
380,b781b8cc,Algebra,Systems of two linear equations in two variables,Hard,D,2,PSAT_Math_Part2_q351-700.pdf,34,185.6,34,346.5,34,665.5
381,9b145590,Algebra,Linear equations in two variables,Easy,B,2,PSAT_Math_Part2_q351-700.pdf,35,174.4,35,335.3,35,654.2
382,d76c37db,Algebra,Linear functions,Easy,D,2,PSAT_Math_Part2_q351-700.pdf,36,174.4,36,320.5,36,550.9
383,b1916547,Algebra,Linear equations in two variables,Easy,C,2,PSAT_Math_Part2_q351-700.pdf,37,174.4,37,671.9,38,96.9
384,468de4be,Algebra,Linear equations in one variable,Easy,D,2,PSAT_Math_Part2_q351-700.pdf,39,174.4,39,305.7,39,521.4
385,ac0b1093,Algebra,Systems of two linear equations in two variables,Hard,300,2,PSAT_Math_Part2_q351-700.pdf,40,185.6,40,510.9,41,18.9
386,24c175fc,Algebra,Linear equations in one variable,Medium,D,2,PSAT_Math_Part2_q351-700.pdf,42,174.4,42,305.7,42,536.2
387,159b76a4,Algebra,Linear equations in one variable,Easy,34,2,PSAT_Math_Part2_q351-700.pdf,43,174.4,43,222.1,43,404.0
388,ae5abcba,Algebra,Linear functions,Hard,A,2,PSAT_Math_Part2_q351-700.pdf,44,174.4,44,335.3,44,580.4
389,8d0a9044,Algebra,Systems of two linear equations in two variables,Hard,D,2,PSAT_Math_Part2_q351-700.pdf,45,185.6,45,346.5,45,665.5
390,a504b146,Algebra,Linear equations in one variable,Medium,37,2,PSAT_Math_Part2_q351-700.pdf,46,174.4,46,231.3,46,427.9
391,3adf7966,Algebra,Systems of two linear equations in two variables,Medium,40,2,PSAT_Math_Part2_q351-700.pdf,47,185.6,47,248.1,47,400.5
392,14a65be1,Algebra,Linear functions,Medium,A,2,PSAT_Math_Part2_q351-700.pdf,48,174.4,48,305.7,48,536.2
393,73807c8b,Algebra,Linear equations in two variables,Hard,C,2,PSAT_Math_Part2_q351-700.pdf,49,174.4,49,320.5,49,550.9
394,d791004d,Algebra,Linear functions,Medium,C,2,PSAT_Math_Part2_q351-700.pdf,50,174.4,50,320.5,50,596.6
395,ff117182,Algebra,Linear equations in two variables,Medium,A,2,PSAT_Math_Part2_q351-700.pdf,51,174.4,51,486.3,51,820.1
396,abb3d9cc,Algebra,Linear equations in two variables,Medium,C,2,PSAT_Math_Part2_q351-700.pdf,52,174.4,52,305.7,52,557.9
397,5ebcd502,Algebra,Linear functions,Easy,C,2,PSAT_Math_Part2_q351-700.pdf,53,174.4,53,320.5,53,565.7
398,c8038d24,Algebra,Linear equations in two variables,Medium,D,2,PSAT_Math_Part2_q351-700.pdf,54,174.4,54,335.3,54,565.7
399,311bf2f1,Algebra,Linear equations in two variables,Hard,5,2,PSAT_Math_Part2_q351-700.pdf,55,174.4,55,236.9,55,448.3
400,fa6dad4f,Algebra,Linear functions,Easy,B,2,PSAT_Math_Part2_q351-700.pdf,56,174.4,56,613.5,57,18.9
401,362c4d27,Algebra,Linear functions,Easy,1,2,PSAT_Math_Part2_q351-700.pdf,58,157.5,58,205.3,58,342.9
402,1d1e6588,Algebra,Linear equations in two variables,Medium,15,2,PSAT_Math_Part2_q351-700.pdf,59,174.4,59,222.1,59,404.0
403,d4b059b1,Algebra,Linear equations in two variables,Medium,49,2,PSAT_Math_Part2_q351-700.pdf,60,174.4,60,216.5,60,398.4
404,26fdba3e,Algebra,Linear equations in two variables,Hard,D,2,PSAT_Math_Part2_q351-700.pdf,61,174.4,61,320.5,61,588.2
405,be74dbbf,Algebra,Linear functions,Medium,2,2,PSAT_Math_Part2_q351-700.pdf,62,174.4,62,222.1,62,389.3
406,73596e60,Algebra,Linear functions,Hard,D,2,PSAT_Math_Part2_q351-700.pdf,63,174.4,63,320.5,63,640.9
407,fb272309,Algebra,Systems of two linear equations in two variables,Hard,D,2,PSAT_Math_Part2_q351-700.pdf,64,185.6,64,361.3,64,635.9
408,5cabd603,Algebra,Linear inequalities in one or two variables,Easy,D,2,PSAT_Math_Part2_q351-700.pdf,65,185.6,65,331.7,65,576.9
409,0b52d235,Algebra,Linear inequalities in one or two variables,Easy,B,2,PSAT_Math_Part2_q351-700.pdf,66,185.6,66,346.5,66,621.2
410,9dd0e1d5,Algebra,Systems of two linear equations in two variables,Easy,A,2,PSAT_Math_Part2_q351-700.pdf,67,185.6,67,585.4,67,815.8
411,4fc5a7d2,Algebra,Linear equations in two variables,Easy,B,2,PSAT_Math_Part2_q351-700.pdf,68,174.4,68,305.7,68,565.7
412,8652a731,Algebra,Linear equations in one variable,Hard,A,2,PSAT_Math_Part2_q351-700.pdf,69,174.4,69,305.7,69,550.9
413,a06c0a64,Algebra,Linear inequalities in one or two variables,Hard,-2,2,PSAT_Math_Part2_q351-700.pdf,70,185.6,70,218.6,70,356.3
414,609fc9a7,Algebra,Linear equations in two variables,Hard,D,2,PSAT_Math_Part2_q351-700.pdf,71,174.4,71,401.3,71,739.9
415,552ce561,Algebra,Linear functions,Easy,D,2,PSAT_Math_Part2_q351-700.pdf,72,174.4,72,335.3,72,580.4
416,9767a58f,Algebra,Linear equations in two variables,Hard,C,2,PSAT_Math_Part2_q351-700.pdf,73,174.4,73,335.3,73,639.5
417,cff208ce,Algebra,Linear functions,Medium,A,2,PSAT_Math_Part2_q351-700.pdf,74,174.4,74,305.7,74,536.2
418,60bac251,Algebra,Systems of two linear equations in two variables,Medium,18,2,PSAT_Math_Part2_q351-700.pdf,75,185.6,75,248.1,75,385.8
419,2df665b8,Algebra,Linear functions,Medium,D,2,PSAT_Math_Part2_q351-700.pdf,76,174.4,76,320.5,76,565.7
420,862cc556,Algebra,Linear equations in two variables,Medium,A,2,PSAT_Math_Part2_q351-700.pdf,77,174.4,77,378.1,77,728.0
421,b08cf45d,Algebra,Linear equations in one variable,Hard,B,2,PSAT_Math_Part2_q351-700.pdf,78,174.4,78,320.5,78,536.2
422,9655c984,Algebra,Linear inequalities in one or two variables,Easy,A,2,PSAT_Math_Part2_q351-700.pdf,79,185.6,79,346.5,79,606.4
423,dd181f54,Algebra,Linear equations in two variables,Easy,A,2,PSAT_Math_Part2_q351-700.pdf,80,174.4,80,320.5,80,609.9
424,c4f9f99e,Algebra,Systems of two linear equations in two variables,Easy,B,2,PSAT_Math_Part2_q351-700.pdf,81,185.6,81,346.5,81,576.9
425,347a3050,Algebra,Linear equations in two variables,Hard,"1.636, 18/11",2,PSAT_Math_Part2_q351-700.pdf,82,174.4,82,201.7,82,371.0
426,bb0ac882,Algebra,Systems of two linear equations in two variables,Medium,B,2,PSAT_Math_Part2_q351-700.pdf,83,185.6,83,317.0,83,606.4
427,4263af26,Algebra,Systems of two linear equations in two variables,Easy,B,2,PSAT_Math_Part2_q351-700.pdf,84,185.6,84,585.4,84,815.8
428,39dbeef2,Algebra,Linear equations in two variables,Hard,C,2,PSAT_Math_Part2_q351-700.pdf,85,174.4,85,305.7,85,567.8
429,a8c506d4,Algebra,Systems of two linear equations in two variables,Hard,B,2,PSAT_Math_Part2_q351-700.pdf,86,185.6,86,346.5,86,739.9
430,259829c6,Algebra,Linear equations in two variables,Hard,D,2,PSAT_Math_Part2_q351-700.pdf,87,174.4,87,671.9,88,167.2
431,9f0eba60,Algebra,Linear functions,Easy,B,2,PSAT_Math_Part2_q351-700.pdf,89,174.4,89,305.7,89,521.4
432,5602cce0,Algebra,Linear equations in one variable,Easy,C,2,PSAT_Math_Part2_q351-700.pdf,90,174.4,90,305.7,90,521.4
433,c335e923,Algebra,Linear functions,Medium,224,2,PSAT_Math_Part2_q351-700.pdf,91,174.4,91,222.1,91,389.3
434,088777da,Algebra,Linear inequalities in one or two variables,Medium,16,2,PSAT_Math_Part2_q351-700.pdf,92,185.6,92,233.4,92,430.0
435,6c9eeff9,Algebra,Systems of two linear equations in two variables,Medium,D,2,PSAT_Math_Part2_q351-700.pdf,93,185.6,93,346.5,93,591.7
436,02d3857d,Algebra,Linear equations in two variables,Medium,C,2,PSAT_Math_Part2_q351-700.pdf,94,174.4,94,320.5,94,550.9
437,2f5dd392,Algebra,Linear equations in two variables,Hard,"1.2, 6/5",2,PSAT_Math_Part2_q351-700.pdf,95,174.4,95,470.2,95,655.6
438,afea4206,Algebra,Linear equations in two variables,Hard,"4.51, 451/100",2,PSAT_Math_Part2_q351-700.pdf,96,174.4,96,231.3,96,413.2
439,c403eab7,Algebra,Linear functions,Medium,B,2,PSAT_Math_Part2_q351-700.pdf,97,174.4,97,335.3,97,580.4
440,2f1a5f2a,Algebra,Linear functions,Hard,A,2,PSAT_Math_Part2_q351-700.pdf,98,174.4,98,574.2,99,85.7
441,de24df33,Algebra,Linear functions,Medium,A,2,PSAT_Math_Part2_q351-700.pdf,100,174.4,100,305.7,100,595.2
442,909d7e2b,Algebra,Linear functions,Medium,20,2,PSAT_Math_Part2_q351-700.pdf,101,174.4,101,529.9,101,711.8
443,a36030f7,Algebra,Linear equations in one variable,Hard,B,2,PSAT_Math_Part2_q351-700.pdf,102,174.4,102,305.7,102,550.9
444,a8c33268,Algebra,Linear inequalities in one or two variables,Hard,B,2,PSAT_Math_Part2_q351-700.pdf,103,185.6,103,361.3,103,709.7
445,bd6a65aa,Algebra,Linear functions,Hard,A,2,PSAT_Math_Part2_q351-700.pdf,104,174.4,104,320.5,104,580.4
446,e7976caa,Algebra,Linear inequalities in one or two variables,Medium,D,2,PSAT_Math_Part2_q351-700.pdf,105,185.6,105,581.9,105,812.3
447,b3e6012b,Algebra,Linear functions,Easy,C,2,PSAT_Math_Part2_q351-700.pdf,106,174.4,106,320.5,106,586.7
448,2251c98f,Algebra,Systems of two linear equations in two variables,Easy,A,2,PSAT_Math_Part2_q351-700.pdf,107,185.6,107,390.8,107,709.7
449,e4eb14ec,Algebra,Linear equations in one variable,Medium,27,2,PSAT_Math_Part2_q351-700.pdf,108,174.4,108,207.4,108,345.0
450,b9890078,Algebra,Linear equations in one variable,Medium,A,2,PSAT_Math_Part2_q351-700.pdf,109,174.4,109,320.5,109,595.9
451,52a3fa93,Algebra,Systems of two linear equations in two variables,Easy,B,2,PSAT_Math_Part2_q351-700.pdf,110,168.8,110,568.6,110,799.0
452,336e802a,Algebra,Linear functions,Medium,A,2,PSAT_Math_Part2_q351-700.pdf,111,174.4,111,350.0,111,595.2
453,be8e1f90,Algebra,Linear equations in two variables,Medium,41,2,PSAT_Math_Part2_q351-700.pdf,112,174.4,112,222.1,112,418.8
454,f707b663,Algebra,Linear equations in two variables,Medium,D,2,PSAT_Math_Part2_q351-700.pdf,113,174.4,113,456.1,113,730.8
455,e81b7277,Algebra,Linear inequalities in one or two variables,Hard,A,2,PSAT_Math_Part2_q351-700.pdf,114,185.6,114,683.1,115,137.7
456,3f6c5272,Algebra,Linear inequalities in one or two variables,Hard,A,2,PSAT_Math_Part2_q351-700.pdf,116,185.6,116,361.3,116,695.0
457,7b1c35e3,Algebra,Linear equations in two variables,Hard,A,2,PSAT_Math_Part2_q351-700.pdf,117,174.4,117,335.3,117,609.9
458,a75d2a8c,Algebra,Linear equations in two variables,Medium,B,2,PSAT_Math_Part2_q351-700.pdf,118,174.4,118,305.7,118,565.7
459,c717a869,Algebra,Linear equations in two variables,Hard,D,2,PSAT_Math_Part2_q351-700.pdf,119,174.4,119,466.7,119,756.8
460,a0755945,Algebra,Linear functions,Medium,B,2,PSAT_Math_Part2_q351-700.pdf,120,174.4,120,335.3,120,580.4
461,481a2c00,Algebra,Linear functions,Medium,C,2,PSAT_Math_Part2_q351-700.pdf,121,174.4,121,335.3,121,580.4
462,aab16dcc,Algebra,Linear inequalities in one or two variables,Hard,D,2,PSAT_Math_Part2_q351-700.pdf,122,185.6,122,361.3,122,754.0
463,fd5ffee5,Algebra,Linear functions,Medium,C,2,PSAT_Math_Part2_q351-700.pdf,123,174.4,123,671.9,124,141.2
464,85f211b6,Algebra,Linear functions,Easy,D,2,PSAT_Math_Part2_q351-700.pdf,125,174.4,125,305.7,125,521.4
465,36f22674,Algebra,Linear functions,Hard,D,2,PSAT_Math_Part2_q351-700.pdf,126,174.4,126,335.3,126,624.7
466,5ed72ba4,Algebra,Linear equations in one variable,Easy,B,2,PSAT_Math_Part2_q351-700.pdf,127,174.4,127,305.7,127,521.4
467,6b5c6ffa,Algebra,Linear equations in two variables,Hard,33,2,PSAT_Math_Part2_q351-700.pdf,128,174.4,128,334.6,128,582.5
468,5d030e69,Algebra,Linear functions,Medium,2850,2,PSAT_Math_Part2_q351-700.pdf,129,174.4,129,236.9,129,389.3
469,a443befa,Algebra,Linear functions,Hard,D,2,PSAT_Math_Part2_q351-700.pdf,130,174.4,130,447.7,130,751.9
470,9940011a,Algebra,Linear equations in one variable,Easy,B,2,PSAT_Math_Part2_q351-700.pdf,131,174.4,131,320.5,131,536.2
471,d8150e94,Algebra,Linear functions,Medium,D,2,PSAT_Math_Part2_q351-700.pdf,132,174.4,132,305.7,132,536.2
472,8e92a0bc,Algebra,Linear equations in one variable,Medium,C,2,PSAT_Math_Part2_q351-700.pdf,133,174.4,133,320.5,133,550.9
473,d4907440,Algebra,Linear inequalities in one or two variables,Hard,C,2,PSAT_Math_Part2_q351-700.pdf,134,185.6,134,346.5,134,591.7
474,29f70e3b,Algebra,Systems of two linear equations in two variables,Easy,6,2,PSAT_Math_Part2_q351-700.pdf,135,185.6,135,248.1,135,400.5
475,244273dd,Algebra,Linear equations in two variables,Medium,D,2,PSAT_Math_Part2_q351-700.pdf,136,174.4,136,305.7,136,570.6
476,28857637,Algebra,Linear equations in one variable,Easy,C,2,PSAT_Math_Part2_q351-700.pdf,137,174.4,137,320.5,137,536.2
477,b1182278,Algebra,Linear equations in two variables,Hard,"59/9, 6.555, 6.556",2,PSAT_Math_Part2_q351-700.pdf,138,174.4,138,216.5,138,442.7
478,73d572f1,Algebra,Systems of two linear equations in two variables,Hard,1677,2,PSAT_Math_Part2_q351-700.pdf,139,185.6,139,248.1,139,400.5
479,b32ff819,Algebra,Linear equations in two variables,Easy,A,2,PSAT_Math_Part2_q351-700.pdf,140,174.4,140,350.0,140,624.7
480,55ce77fa,Algebra,Linear functions,Medium,C,2,PSAT_Math_Part2_q351-700.pdf,141,174.4,141,320.5,141,669.0
481,3fb0deb1,Algebra,Systems of two linear equations in two variables,Easy,C,2,PSAT_Math_Part2_q351-700.pdf,142,185.6,142,585.4,142,815.8
482,72e16f81,Algebra,Linear functions,Easy,C,2,PSAT_Math_Part2_q351-700.pdf,143,174.4,143,320.5,143,609.9
483,c09dcebb,Algebra,Systems of two linear equations in two variables,Medium,D,2,PSAT_Math_Part2_q351-700.pdf,144,185.6,144,346.5,144,562.2
484,839db0f9,Algebra,Linear equations in two variables,Hard,"0.25, 1/4",2,PSAT_Math_Part2_q351-700.pdf,145,174.4,145,207.4,145,391.4
485,e3aee324,Advanced Math,Nonlinear equations in one variable and systems of equations in two variables,Hard,B,2,PSAT_Math_Part2_q351-700.pdf,146,208.1,146,357.7,146,635.2
486,93931b53,Advanced Math,Equivalent expressions,Easy,A,2,PSAT_Math_Part2_q351-700.pdf,147,174.4,147,305.7,147,506.6
487,8d3089b0,Advanced Math,Nonlinear functions,Medium,D,2,PSAT_Math_Part2_q351-700.pdf,148,174.4,148,320.5,148,643.7
488,89160f9c,Advanced Math,Nonlinear functions,Hard,1728,2,PSAT_Math_Part2_q351-700.pdf,149,174.4,149,222.1,149,406.8
489,9e74d905,Advanced Math,Nonlinear functions,Hard,B,2,PSAT_Math_Part2_q351-700.pdf,150,174.4,150,320.5,150,598.7
490,d7bf5261,Advanced Math,Nonlinear equations in one variable and systems of equations in two variables,Hard,"14.5, 29/2",2,PSAT_Math_Part2_q351-700.pdf,151,208.1,151,279.7,151,536.2
491,2434c419,Advanced Math,Nonlinear functions,Medium,31,2,PSAT_Math_Part2_q351-700.pdf,152,174.4,152,207.4,152,345.7
492,81121307,Advanced Math,Nonlinear equations in one variable and systems of equations in two variables,Easy,9,2,PSAT_Math_Part2_q351-700.pdf,153,208.1,153,250.2,153,402.6
493,b2fde9d3,Advanced Math,Nonlinear equations in one variable and systems of equations in two variables,Hard,-10,2,PSAT_Math_Part2_q351-700.pdf,154,208.1,154,270.6,154,453.2
494,78c1bf85,Advanced Math,Nonlinear equations in one variable and systems of equations in two variables,Easy,C,2,PSAT_Math_Part2_q351-700.pdf,155,208.1,155,607.9,155,838.3
495,7a0870ed,Advanced Math,Nonlinear functions,Hard,D,2,PSAT_Math_Part2_q351-700.pdf,156,174.4,156,320.5,156,595.2
496,498850a9,Advanced Math,Nonlinear equations in one variable and systems of equations in two variables,Medium,B,2,PSAT_Math_Part2_q351-700.pdf,157,208.1,157,369.0,157,628.9
497,d1b3d70e,Advanced Math,Nonlinear functions,Hard,A,2,PSAT_Math_Part2_q351-700.pdf,158,174.4,158,320.5,158,596.6
498,b11955c5,Advanced Math,Nonlinear functions,Hard,"-4.9, -49/10",2,PSAT_Math_Part2_q351-700.pdf,159,174.4,159,246.7,159,445.5
499,2c5e7c3b,Advanced Math,Nonlinear equations in one variable and systems of equations in two variables,Hard,A,2,PSAT_Math_Part2_q351-700.pdf,160,208.1,160,622.7,161,18.9
500,7fa6752e,Advanced Math,Nonlinear equations in one variable and systems of equations in two variables,Medium,A,2,PSAT_Math_Part2_q351-700.pdf,162,208.1,162,354.2,162,584.6
501,b2142aba,Advanced Math,Nonlinear functions,Hard,C,2,PSAT_Math_Part2_q351-700.pdf,163,157.5,163,303.6,163,535.5
502,98579160,Advanced Math,Nonlinear functions,Easy,A,2,PSAT_Math_Part2_q351-700.pdf,164,174.4,164,612.8,165,18.9
503,c36ff321,Advanced Math,Equivalent expressions,Easy,B,2,PSAT_Math_Part2_q351-700.pdf,166,174.4,166,305.7,166,606.4
504,6b7c82dd,Advanced Math,Nonlinear functions,Hard,A,2,PSAT_Math_Part2_q351-700.pdf,167,174.4,167,336.0,167,642.3
505,71875bb0,Advanced Math,Nonlinear functions,Hard,C,2,PSAT_Math_Part2_q351-700.pdf,168,174.4,168,320.5,168,609.9
506,0f268f46,Advanced Math,Equivalent expressions,Easy,D,2,PSAT_Math_Part2_q351-700.pdf,169,174.4,169,305.7,169,521.4
507,8e481921,Advanced Math,Nonlinear equations in one variable and systems of equations in two variables,Hard,A,2,PSAT_Math_Part2_q351-700.pdf,170,208.1,170,354.2,170,644.4
508,17690f09,Advanced Math,Nonlinear equations in one variable and systems of equations in two variables,Medium,28,2,PSAT_Math_Part2_q351-700.pdf,171,208.1,171,241.1,171,478.5
509,264cd14a,Advanced Math,Nonlinear functions,Hard,C,2,PSAT_Math_Part2_q351-700.pdf,172,174.4,172,305.7,172,536.2
510,f11bc376,Advanced Math,Nonlinear equations in one variable and systems of equations in two variables,Hard,D,2,PSAT_Math_Part2_q351-700.pdf,173,208.1,173,360.6,173,690.1
511,5cda58e0,Advanced Math,Nonlinear equations in one variable and systems of equations in two variables,Medium,C,2,PSAT_Math_Part2_q351-700.pdf,174,208.1,174,354.2,174,599.4
512,bd16a3f5,Advanced Math,Nonlinear functions,Hard,609,2,PSAT_Math_Part2_q351-700.pdf,175,174.4,175,203.1,175,444.1
513,319cb885,Advanced Math,Nonlinear functions,Medium,".5, 1/2",2,PSAT_Math_Part2_q351-700.pdf,176,174.4,176,202.4,176,357.0
514,74c25d42,Advanced Math,Nonlinear equations in one variable and systems of equations in two variables,Hard,94,2,PSAT_Math_Part2_q351-700.pdf,177,208.1,177,250.9,177,403.3
515,b2aee94a,Advanced Math,Nonlinear functions,Easy,D,2,PSAT_Math_Part2_q351-700.pdf,178,174.4,178,305.7,178,521.4
516,e1d81de8,Advanced Math,Equivalent expressions,Easy,B,2,PSAT_Math_Part2_q351-700.pdf,179,174.4,179,305.7,179,521.4
517,d1cf915b,Advanced Math,Nonlinear functions,Hard,-24,2,PSAT_Math_Part2_q351-700.pdf,180,174.4,180,475.8,180,819.4
518,af172557,Advanced Math,Nonlinear functions,Hard,B,2,PSAT_Math_Part2_q351-700.pdf,181,174.4,181,320.5,181,566.4
519,011b5078,Advanced Math,Nonlinear equations in one variable and systems of equations in two variables,Hard,"10.33, 31/3",2,PSAT_Math_Part2_q351-700.pdf,182,208.1,182,250.2,182,491.2
520,e9d19bb3,Advanced Math,Nonlinear equations in one variable and systems of equations in two variables,Hard,D,2,PSAT_Math_Part2_q351-700.pdf,183,208.1,183,385.2,183,704.8
521,b5e91945,Advanced Math,Nonlinear functions,Easy,B,2,PSAT_Math_Part2_q351-700.pdf,184,174.4,184,350.0,184,625.4
522,242d1f14,Advanced Math,Nonlinear equations in one variable and systems of equations in two variables,Medium,B,2,PSAT_Math_Part2_q351-700.pdf,185,208.1,185,354.2,185,569.9
523,ec792518,Advanced Math,Nonlinear functions,Hard,A,2,PSAT_Math_Part2_q351-700.pdf,186,174.4,186,320.5,186,639.5
524,6310780b,Advanced Math,Nonlinear functions,Hard,B,2,PSAT_Math_Part2_q351-700.pdf,187,174.4,187,350.0,187,670.4
525,d4b3c7eb,Advanced Math,Nonlinear functions,Hard,A,2,PSAT_Math_Part2_q351-700.pdf,188,174.4,188,320.5,188,568.5
526,e581653e,Advanced Math,Equivalent expressions,Medium,B,2,PSAT_Math_Part2_q351-700.pdf,189,174.4,189,307.9,189,524.2
527,81ebd1e5,Advanced Math,Nonlinear functions,Medium,D,2,PSAT_Math_Part2_q351-700.pdf,190,174.4,190,486.3,190,762.4
528,de3eaf05,Advanced Math,Nonlinear functions,Hard,C,2,PSAT_Math_Part2_q351-700.pdf,191,174.4,191,337.4,191,614.2
529,851220ef,Advanced Math,Nonlinear equations in one variable and systems of equations in two variables,Hard,C,2,PSAT_Math_Part2_q351-700.pdf,192,208.1,192,396.4,192,648.6
530,6217cb62,Advanced Math,Nonlinear functions,Easy,7,2,PSAT_Math_Part2_q351-700.pdf,193,174.4,193,475.8,193,613.5
531,91d0c03d,Advanced Math,Nonlinear equations in one variable and systems of equations in two variables,Hard,9,2,PSAT_Math_Part2_q351-700.pdf,194,208.1,194,255.8,194,437.8
532,067262c7,Advanced Math,Nonlinear functions,Hard,A,2,PSAT_Math_Part2_q351-700.pdf,195,174.4,195,320.5,195,669.0
533,1ebf5c78,Advanced Math,Equivalent expressions,Hard,D,2,PSAT_Math_Part2_q351-700.pdf,196,174.4,196,307.9,196,559.3
534,dd63d964,Advanced Math,Nonlinear equations in one variable and systems of equations in two variables,Medium,A,2,PSAT_Math_Part2_q351-700.pdf,197,208.1,197,354.2,197,555.1
535,ca38bb3c,Advanced Math,Equivalent expressions,Medium,D,2,PSAT_Math_Part2_q351-700.pdf,198,174.4,198,305.7,198,521.4
536,94549745,Advanced Math,Equivalent expressions,Easy,B,2,PSAT_Math_Part2_q351-700.pdf,199,174.4,199,305.7,199,521.4
537,c2f84cf6,Advanced Math,Nonlinear functions,Easy,C,2,PSAT_Math_Part2_q351-700.pdf,200,174.4,200,350.0,200,669.0
538,a3e4550c,Advanced Math,Nonlinear functions,Easy,D,2,PSAT_Math_Part2_q351-700.pdf,201,174.4,201,305.7,201,523.5
539,b1912d90,Advanced Math,Nonlinear functions,Medium,B,2,PSAT_Math_Part2_q351-700.pdf,202,174.4,202,336.0,202,671.8
540,e1b3f286,Advanced Math,Equivalent expressions,Easy,B,2,PSAT_Math_Part2_q351-700.pdf,203,174.4,203,305.7,203,521.4
541,9f4b5268,Advanced Math,Nonlinear functions,Medium,C,2,PSAT_Math_Part2_q351-700.pdf,204,174.4,204,305.7,204,538.3
542,48235790,Advanced Math,Nonlinear functions,Hard,A,2,PSAT_Math_Part2_q351-700.pdf,205,174.4,205,574.2,205,819.4
543,41227fe9,Advanced Math,Nonlinear equations in one variable and systems of equations in two variables,Medium,99,2,PSAT_Math_Part2_q351-700.pdf,206,208.1,206,270.6,206,438.5
544,239499fb,Advanced Math,Nonlinear equations in one variable and systems of equations in two variables,Easy,B,2,PSAT_Math_Part2_q351-700.pdf,207,208.1,207,354.2,207,569.9
545,53445aef,Advanced Math,Nonlinear functions,Medium,D,2,PSAT_Math_Part2_q351-700.pdf,208,174.4,208,350.0,208,626.1
546,b26d01de,Advanced Math,Nonlinear functions,Hard,D,2,PSAT_Math_Part2_q351-700.pdf,209,174.4,209,369.0,209,722.4
547,a78f860c,Advanced Math,Nonlinear equations in one variable and systems of equations in two variables,Hard,289,2,PSAT_Math_Part2_q351-700.pdf,210,208.1,210,255.9,210,453.2
548,2ebe1df5,Advanced Math,Nonlinear functions,Medium,B,2,PSAT_Math_Part2_q351-700.pdf,211,174.4,211,528.5,211,789.8
549,aa7efe94,Advanced Math,Nonlinear functions,Hard,"1.1, 11/10",2,PSAT_Math_Part2_q351-700.pdf,212,174.4,212,246.0,212,472.9
550,7904edea,Advanced Math,Nonlinear functions,Medium,C,2,PSAT_Math_Part2_q351-700.pdf,213,174.4,213,305.7,213,537.6
551,d2203268,Advanced Math,Nonlinear equations in one variable and systems of equations in two variables,Medium,C,2,PSAT_Math_Part2_q351-700.pdf,214,191.2,214,337.4,214,608.5
552,3d0f48a9,Advanced Math,Nonlinear functions,Hard,A,2,PSAT_Math_Part2_q351-700.pdf,215,174.4,215,337.4,215,663.3
553,16b1a141,Advanced Math,Equivalent expressions,Easy,B,2,PSAT_Math_Part2_q351-700.pdf,216,174.4,216,305.7,216,521.4
554,6f2658d4,Advanced Math,Nonlinear functions,Medium,A,2,PSAT_Math_Part2_q351-700.pdf,217,174.4,217,305.7,217,536.9
555,3599c6f2,Advanced Math,Nonlinear functions,Hard,B,2,PSAT_Math_Part2_q351-700.pdf,218,174.4,218,322.6,218,616.3
556,840857f0,Advanced Math,Nonlinear equations in one variable and systems of equations in two variables,Medium,"30, -30",2,PSAT_Math_Part2_q351-700.pdf,219,208.1,219,250.2,219,432.1
557,b71042f8,Advanced Math,Nonlinear equations in one variable and systems of equations in two variables,Easy,A,2,PSAT_Math_Part2_q351-700.pdf,220,208.1,220,354.2,220,557.2
558,8e87347e,Advanced Math,Nonlinear functions,Hard,D,2,PSAT_Math_Part2_q351-700.pdf,221,174.4,221,350.0,221,654.9
559,c0a5b1af,Advanced Math,Nonlinear functions,Hard,D,2,PSAT_Math_Part2_q351-700.pdf,222,174.4,222,336.7,222,597.3
560,a25d39ec,Advanced Math,Nonlinear functions,Hard,14,2,PSAT_Math_Part2_q351-700.pdf,223,174.4,223,222.1,223,507.3
561,cb2f4a8a,Advanced Math,Nonlinear functions,Easy,B,2,PSAT_Math_Part2_q351-700.pdf,224,174.4,224,305.7,224,536.9
562,54014ba0,Advanced Math,Nonlinear equations in one variable and systems of equations in two variables,Hard,5,2,PSAT_Math_Part2_q351-700.pdf,225,208.1,225,241.1,225,378.7
563,1b1b1cbf,Advanced Math,Nonlinear functions,Easy,A,2,PSAT_Math_Part2_q351-700.pdf,226,174.4,226,574.2,226,789.8
564,45962172,Advanced Math,Nonlinear functions,Medium,C,2,PSAT_Math_Part2_q351-700.pdf,227,174.4,227,320.5,227,565.7
565,e89e2a0f,Advanced Math,Nonlinear functions,Hard,B,2,PSAT_Math_Part2_q351-700.pdf,228,174.4,228,354.2,228,711.1
566,48551b37,Advanced Math,Nonlinear functions,Easy,4,2,PSAT_Math_Part2_q351-700.pdf,229,174.4,229,470.2,229,622.6
567,8eec350c,Advanced Math,Nonlinear functions,Medium,A,2,PSAT_Math_Part2_q351-700.pdf,230,174.4,230,352.1,230,614.2
568,1c104baa,Advanced Math,Nonlinear functions,Medium,68,2,PSAT_Math_Part2_q351-700.pdf,231,174.4,231,207.4,231,345.7
569,97ecfd2a,Advanced Math,Nonlinear functions,Medium,C,2,PSAT_Math_Part2_q351-700.pdf,232,174.4,232,305.7,232,543.9
570,75a64b6b,Advanced Math,Nonlinear functions,Easy,A,2,PSAT_Math_Part2_q351-700.pdf,233,174.4,233,593.9,234,18.9
571,606edc58,Advanced Math,Nonlinear functions,Easy,B,2,PSAT_Math_Part2_q351-700.pdf,235,174.4,235,574.2,235,789.8
572,49a4de69,Advanced Math,Nonlinear equations in one variable and systems of equations in two variables,Medium,D,2,PSAT_Math_Part2_q351-700.pdf,236,208.1,236,358.4,236,588.9
573,7e46fa03,Advanced Math,Nonlinear functions,Medium,12,2,PSAT_Math_Part2_q351-700.pdf,237,174.4,237,207.4,237,345.7
574,60aca572,Advanced Math,Equivalent expressions,Easy,B,2,PSAT_Math_Part2_q351-700.pdf,238,174.4,238,305.7,238,506.6
575,48cea247,Advanced Math,Equivalent expressions,Medium,A,2,PSAT_Math_Part2_q351-700.pdf,239,174.4,239,313.5,239,567.8
576,fb399cf3,Advanced Math,Nonlinear equations in one variable and systems of equations in two variables,Hard,D,2,PSAT_Math_Part2_q351-700.pdf,240,208.1,240,370.4,240,619.1
577,2e2b270a,Advanced Math,Nonlinear functions,Hard,A,2,PSAT_Math_Part2_q351-700.pdf,241,174.4,241,336.0,241,605.0
578,ab70ed73,Advanced Math,Nonlinear functions,Hard,D,2,PSAT_Math_Part2_q351-700.pdf,242,174.4,242,567.2,243,18.9
579,0d4b88df,Advanced Math,Nonlinear functions,Hard,B,2,PSAT_Math_Part2_q351-700.pdf,244,174.4,244,351.4,244,597.3
580,b500ed25,Advanced Math,Nonlinear equations in one variable and systems of equations in two variables,Medium,B,2,PSAT_Math_Part2_q351-700.pdf,245,208.1,245,354.2,245,773.7
581,a67210ab,Advanced Math,Nonlinear functions,Hard,D,2,PSAT_Math_Part2_q351-700.pdf,246,174.4,246,585.4,247,59.7
582,7e84c276,Advanced Math,Nonlinear functions,Medium,D,2,PSAT_Math_Part2_q351-700.pdf,248,174.4,248,447.7,248,723.8
583,92fecab6,Advanced Math,Nonlinear functions,Hard,B,2,PSAT_Math_Part2_q351-700.pdf,249,174.4,249,335.3,249,624.7
584,34cf94ec,Advanced Math,Nonlinear functions,Easy,C,2,PSAT_Math_Part2_q351-700.pdf,250,174.4,250,305.7,250,522.1
585,b16e8a1a,Advanced Math,Equivalent expressions,Medium,B,2,PSAT_Math_Part2_q351-700.pdf,251,174.4,251,364.8,251,654.2
586,e3b52d28,Advanced Math,Nonlinear functions,Hard,D,2,PSAT_Math_Part2_q351-700.pdf,252,174.4,252,320.5,252,609.9
587,1d24b236,Advanced Math,Nonlinear equations in one variable and systems of equations in two variables,Medium,C,2,PSAT_Math_Part2_q351-700.pdf,253,208.1,253,369.0,253,658.4
588,34050917,Advanced Math,Equivalent expressions,Easy,D,2,PSAT_Math_Part2_q351-700.pdf,254,174.4,254,305.7,254,521.4
589,6481c302,Advanced Math,Nonlinear equations in one variable and systems of equations in two variables,Easy,B,2,PSAT_Math_Part2_q351-700.pdf,255,208.1,255,354.9,255,570.6
590,30f23a70,Advanced Math,Nonlinear functions,Hard,-12,2,PSAT_Math_Part2_q351-700.pdf,256,174.4,256,216.5,256,399.8
591,9d4d6c68,Advanced Math,Nonlinear equations in one variable and systems of equations in two variables,Hard,B,2,PSAT_Math_Part2_q351-700.pdf,257,208.1,257,354.2,257,628.9
592,e10502ca,Advanced Math,Nonlinear functions,Easy,3,2,PSAT_Math_Part2_q351-700.pdf,258,174.4,258,475.8,258,613.4
593,a4baf8ba,Advanced Math,Nonlinear equations in one variable and systems of equations in two variables,Hard,-3,2,PSAT_Math_Part2_q351-700.pdf,259,208.1,259,255.9,259,393.5
594,39cbb638,Advanced Math,Nonlinear equations in one variable and systems of equations in two variables,Hard,D,2,PSAT_Math_Part2_q351-700.pdf,260,208.1,260,369.7,260,715.3
595,cb62af75,Advanced Math,Nonlinear equations in one variable and systems of equations in two variables,Medium,D,2,PSAT_Math_Part2_q351-700.pdf,261,208.1,261,354.2,261,569.9
596,8e1f9e3a,Advanced Math,Nonlinear functions,Hard,D,2,PSAT_Math_Part2_q351-700.pdf,262,174.4,262,369.0,262,722.4
597,36d4ae4c,Advanced Math,Nonlinear functions,Hard,110,2,PSAT_Math_Part2_q351-700.pdf,263,174.4,263,216.5,263,413.2
598,ecbfeafb,Advanced Math,Nonlinear functions,Hard,25,2,PSAT_Math_Part2_q351-700.pdf,264,174.4,264,222.8,264,495.4
599,30e765cc,Advanced Math,Nonlinear functions,Hard,B,2,PSAT_Math_Part2_q351-700.pdf,265,174.4,265,320.5,265,624.7
600,bf9cec0d,Advanced Math,Nonlinear equations in one variable and systems of equations in two variables,Hard,51,2,PSAT_Math_Part2_q351-700.pdf,266,208.1,266,255.8,266,437.8
601,782fbe68,Advanced Math,Equivalent expressions,Easy,D,2,PSAT_Math_Part2_q351-700.pdf,267,157.5,267,288.9,267,504.5
602,8eccbb09,Advanced Math,Equivalent expressions,Medium,D,2,PSAT_Math_Part2_q351-700.pdf,268,174.4,268,305.7,268,521.4
603,2009ef32,Advanced Math,Nonlinear functions,Hard,B,2,PSAT_Math_Part2_q351-700.pdf,269,174.4,269,320.5,269,669.0
604,459712c4,Advanced Math,Equivalent expressions,Hard,8,2,PSAT_Math_Part2_q351-700.pdf,270,174.4,270,207.4,270,404.0
605,a66d2c0f,Advanced Math,Nonlinear equations in one variable and systems of equations in two variables,Hard,C,2,PSAT_Math_Part2_q351-700.pdf,271,208.1,271,354.2,271,664.1
606,d1673278,Advanced Math,Equivalent expressions,Hard,D,2,PSAT_Math_Part2_q351-700.pdf,272,174.4,272,305.7,272,772.3
607,733e3cb1,Advanced Math,Nonlinear functions,Medium,17,2,PSAT_Math_Part2_q351-700.pdf,273,174.4,273,231.3,273,383.7
608,926e7d00,Advanced Math,Nonlinear equations in one variable and systems of equations in two variables,Hard,120,2,PSAT_Math_Part2_q351-700.pdf,274,208.1,274,258.0,274,458.1
609,de4fecb4,Advanced Math,Equivalent expressions,Medium,A,2,PSAT_Math_Part2_q351-700.pdf,275,174.4,275,305.7,275,521.4
610,2ddf6e2e,Advanced Math,Equivalent expressions,Medium,D,2,PSAT_Math_Part2_q351-700.pdf,276,174.4,276,305.7,276,550.9
611,2c94a7ab,Advanced Math,Nonlinear functions,Hard,B,2,PSAT_Math_Part2_q351-700.pdf,277,174.4,277,629.7,278,70.9
612,9064989a,Advanced Math,Equivalent expressions,Medium,D,2,PSAT_Math_Part2_q351-700.pdf,279,174.4,279,305.7,279,550.9
613,b732b6c0,Advanced Math,Nonlinear equations in one variable and systems of equations in two variables,Medium,"15, -5",2,PSAT_Math_Part2_q351-700.pdf,280,208.1,280,250.2,280,402.6
614,c359c731,Advanced Math,Nonlinear functions,Medium,A,2,PSAT_Math_Part2_q351-700.pdf,281,174.4,281,320.5,281,580.4
615,0566a3f6,Advanced Math,Equivalent expressions,Hard,D,2,PSAT_Math_Part2_q351-700.pdf,282,174.4,282,305.7,282,550.9
616,4aedd491,Advanced Math,Nonlinear functions,Easy,3,2,PSAT_Math_Part2_q351-700.pdf,283,174.4,283,475.8,283,613.5
617,0eeb74f3,Advanced Math,Nonlinear equations in one variable and systems of equations in two variables,Easy,B,2,PSAT_Math_Part2_q351-700.pdf,284,208.1,284,604.4,284,834.8
618,cfe55495,Advanced Math,Nonlinear functions,Hard,35,2,PSAT_Math_Part2_q351-700.pdf,285,174.4,285,236.9,285,463.1
619,5b5a9043,Advanced Math,Equivalent expressions,Easy,D,2,PSAT_Math_Part2_q351-700.pdf,286,174.4,286,305.7,286,521.4
620,97fc27f8,Advanced Math,Equivalent expressions,Easy,A,2,PSAT_Math_Part2_q351-700.pdf,287,174.4,287,305.7,287,521.4
621,c5e39781,Advanced Math,Nonlinear equations in one variable and systems of equations in two variables,Medium,C,2,PSAT_Math_Part2_q351-700.pdf,288,208.1,288,622.7,289,18.9
622,4398de28,Advanced Math,Nonlinear functions,Hard,C,2,PSAT_Math_Part2_q351-700.pdf,290,174.4,290,335.3,290,609.9
623,1c7fa590,Advanced Math,Nonlinear equations in one variable and systems of equations in two variables,Hard,-3,2,PSAT_Math_Part2_q351-700.pdf,291,208.1,291,262.9,291,445.5
624,7c505685,Advanced Math,Nonlinear functions,Hard,-324,2,PSAT_Math_Part2_q351-700.pdf,292,174.4,292,222.1,292,389.3
625,233ee25e,Advanced Math,Nonlinear functions,Medium,B,2,PSAT_Math_Part2_q351-700.pdf,293,174.4,293,305.7,293,550.9
626,14b5122c,Advanced Math,Nonlinear equations in one variable and systems of equations in two variables,Medium,D,2,PSAT_Math_Part2_q351-700.pdf,294,208.1,294,354.2,294,569.9
627,873a9ba7,Advanced Math,Nonlinear equations in one variable and systems of equations in two variables,Medium,A,2,PSAT_Math_Part2_q351-700.pdf,295,208.1,295,354.2,295,584.6
628,15b1df49,Advanced Math,Equivalent expressions,Medium,D,2,PSAT_Math_Part2_q351-700.pdf,296,174.4,296,305.7,296,536.9
629,a4f13e81,Advanced Math,Nonlinear functions,Hard,A,2,PSAT_Math_Part2_q351-700.pdf,297,174.4,297,320.5,297,677.4
630,45ed2e6b,Advanced Math,Nonlinear functions,Medium,C,2,PSAT_Math_Part2_q351-700.pdf,298,174.4,298,428.7,298,749.8
631,065cc8fc,Advanced Math,Nonlinear functions,Hard,A,2,PSAT_Math_Part2_q351-700.pdf,299,174.4,299,320.5,299,581.1
632,914f0fb6,Advanced Math,Nonlinear functions,Hard,C,2,PSAT_Math_Part2_q351-700.pdf,300,174.4,300,336.0,300,612.0
633,78bcfae7,Advanced Math,Nonlinear equations in one variable and systems of equations in two variables,Medium,A,2,PSAT_Math_Part2_q351-700.pdf,301,208.1,301,354.2,301,570.6
634,3c206d51,Advanced Math,Nonlinear functions,Hard,C,2,PSAT_Math_Part2_q351-700.pdf,302,174.4,302,320.5,302,639.5
635,a1a27006,Advanced Math,Nonlinear functions,Medium,A,2,PSAT_Math_Part2_q351-700.pdf,303,174.4,303,379.5,303,654.2
636,1ca5e8ac,Advanced Math,Nonlinear functions,Hard,A,2,PSAT_Math_Part2_q351-700.pdf,304,174.4,304,305.7,304,551.6
637,7be44fda,Advanced Math,Nonlinear functions,Hard,D,2,PSAT_Math_Part2_q351-700.pdf,305,174.4,305,414.0,306,18.9
638,be579e5f,Advanced Math,Nonlinear functions,Easy,B,2,PSAT_Math_Part2_q351-700.pdf,307,174.4,307,598.1,308,18.9
639,f02c2b48,Advanced Math,Nonlinear equations in one variable and systems of equations in two variables,Medium,A,2,PSAT_Math_Part2_q351-700.pdf,309,208.1,309,339.5,309,555.8
640,bdc0fe85,Advanced Math,Nonlinear functions,Hard,D,2,PSAT_Math_Part2_q351-700.pdf,310,174.4,310,354.2,310,662.6
641,1b7e9db0,Advanced Math,Nonlinear functions,Hard,B,2,PSAT_Math_Part2_q351-700.pdf,311,174.4,311,335.3,311,595.2
642,f8c4065f,Advanced Math,Nonlinear functions,Medium,D,2,PSAT_Math_Part2_q351-700.pdf,312,174.4,314,-6.3,314,241.0
643,65751f2d,Advanced Math,Nonlinear functions,Hard,C,2,PSAT_Math_Part2_q351-700.pdf,315,174.4,315,335.3,315,675.3
644,53730316,Advanced Math,Nonlinear functions,Easy,D,2,PSAT_Math_Part2_q351-700.pdf,316,174.4,316,570.7,316,786.3
645,c1a53bc9,Advanced Math,Nonlinear equations in one variable and systems of equations in two variables,Hard,D,2,PSAT_Math_Part2_q351-700.pdf,317,208.1,317,354.2,317,624.7
646,e97a0ffd,Advanced Math,Nonlinear functions,Hard,15000,2,PSAT_Math_Part2_q351-700.pdf,318,174.4,318,216.5,318,461.7
647,b4b27aa2,Advanced Math,Equivalent expressions,Medium,B,2,PSAT_Math_Part2_q351-700.pdf,319,174.4,319,305.7,319,536.2
648,2b85b3c1,Advanced Math,Equivalent expressions,Easy,B,2,PSAT_Math_Part2_q351-700.pdf,320,174.4,320,305.7,320,536.2
649,5cd94924,Advanced Math,Nonlinear equations in one variable and systems of equations in two variables,Medium,C,2,PSAT_Math_Part2_q351-700.pdf,321,208.1,321,354.2,321,555.1
650,91b6a09f,Advanced Math,Nonlinear equations in one variable and systems of equations in two variables,Medium,22,2,PSAT_Math_Part2_q351-700.pdf,322,208.1,322,255.9,322,394.2
651,c37efb0d,Advanced Math,Nonlinear functions,Easy,B,2,PSAT_Math_Part2_q351-700.pdf,323,157.5,323,547.5,323,807.4
652,2f73623c,Advanced Math,Nonlinear functions,Hard,A,2,PSAT_Math_Part2_q351-700.pdf,324,174.4,324,437.2,324,845.4
653,ed951a6b,Advanced Math,Nonlinear functions,Hard,B,2,PSAT_Math_Part2_q351-700.pdf,325,174.4,325,574.2,326,100.5
654,b4712366,Advanced Math,Nonlinear functions,Hard,B,2,PSAT_Math_Part2_q351-700.pdf,327,174.4,327,350.0,327,642.3
655,2d2e29ba,Advanced Math,Nonlinear equations in one variable and systems of equations in two variables,Hard,29,2,PSAT_Math_Part2_q351-700.pdf,328,208.1,328,252.3,328,444.8
656,994cedb8,Advanced Math,Nonlinear functions,Easy,C,2,PSAT_Math_Part2_q351-700.pdf,329,174.4,329,570.7,329,786.3
657,685e4f6b,Advanced Math,Nonlinear functions,Hard,410,2,PSAT_Math_Part2_q351-700.pdf,330,174.4,330,224.2,330,425.1
658,83a6080a,Advanced Math,Equivalent expressions,Medium,B,2,PSAT_Math_Part2_q351-700.pdf,331,174.4,331,307.2,331,629.6
659,84aaa912,Advanced Math,Nonlinear equations in one variable and systems of equations in two variables,Easy,D,2,PSAT_Math_Part2_q351-700.pdf,332,208.1,332,607.9,332,838.3
660,886111f9,Advanced Math,Nonlinear equations in one variable and systems of equations in two variables,Hard,B,2,PSAT_Math_Part2_q351-700.pdf,333,208.1,333,368.3,333,645.8
661,a31203f3,Advanced Math,Nonlinear functions,Medium,77,2,PSAT_Math_Part2_q351-700.pdf,334,174.4,334,207.4,334,345.7
662,e3571ba2,Advanced Math,Nonlinear functions,Medium,D,2,PSAT_Math_Part2_q351-700.pdf,335,174.4,335,320.5,335,595.9
663,244c26d8,Advanced Math,Nonlinear equations in one variable and systems of equations in two variables,Medium,A,2,PSAT_Math_Part2_q351-700.pdf,336,208.1,336,369.7,336,614.9
664,e4c5e586,Advanced Math,Nonlinear equations in one variable and systems of equations in two variables,Hard,A,2,PSAT_Math_Part2_q351-700.pdf,337,208.1,337,369.0,337,717.5
665,e8c30041,Advanced Math,Nonlinear equations in one variable and systems of equations in two variables,Hard,D,2,PSAT_Math_Part2_q351-700.pdf,338,208.1,338,354.2,338,617.7
666,4bcc3513,Advanced Math,Nonlinear functions,Hard,B,2,PSAT_Math_Part2_q351-700.pdf,339,174.4,339,354.2,339,659.1
667,703dd32e,Advanced Math,Nonlinear functions,Easy,A,2,PSAT_Math_Part2_q351-700.pdf,340,174.4,342,-6.3,342,253.7
668,52bceaab,Advanced Math,Nonlinear functions,Medium,D,2,PSAT_Math_Part2_q351-700.pdf,343,174.4,343,335.3,343,581.1
669,f92896a6,Advanced Math,Nonlinear functions,Easy,B,2,PSAT_Math_Part2_q351-700.pdf,344,174.4,344,570.7,344,786.3
670,8de64a72,Advanced Math,Nonlinear equations in one variable and systems of equations in two variables,Hard,14,2,PSAT_Math_Part2_q351-700.pdf,345,208.1,345,285.4,345,511.6
671,72127a15,Advanced Math,Equivalent expressions,Hard,D,2,PSAT_Math_Part2_q351-700.pdf,346,174.4,346,320.5,346,565.7
672,eeebee8d,Advanced Math,Nonlinear equations in one variable and systems of equations in two variables,Medium,A,2,PSAT_Math_Part2_q351-700.pdf,347,208.1,347,357.0,347,576.2
673,fd736602,Advanced Math,Nonlinear functions,Medium,A,2,PSAT_Math_Part2_q351-700.pdf,348,174.4,348,350.0,348,654.2
674,8eafbf55,Advanced Math,Equivalent expressions,Hard,D,2,PSAT_Math_Part2_q351-700.pdf,349,174.4,349,335.3,349,567.1
675,90206d7a,Advanced Math,Nonlinear equations in one variable and systems of equations in two variables,Hard,"29/3, 9.666, 9.667",2,PSAT_Math_Part2_q351-700.pdf,350,208.1,350,250.2,350,515.1
676,cc1ceb8b,Advanced Math,Nonlinear equations in one variable and systems of equations in two variables,Hard,D,2,PSAT_Math_Part2_q351-700.pdf,351,208.1,351,354.2,351,614.2
677,aacaf7f1,Advanced Math,Nonlinear equations in one variable and systems of equations in two variables,Medium,B,2,PSAT_Math_Part2_q351-700.pdf,352,208.1,352,354.2,352,599.4
678,fa2d55ad,Advanced Math,Nonlinear functions,Hard,B,2,PSAT_Math_Part2_q351-700.pdf,353,174.4,353,320.5,353,584.6
679,d53586d6,Advanced Math,Nonlinear functions,Medium,C,2,PSAT_Math_Part2_q351-700.pdf,354,174.4,354,335.3,354,581.1
680,6f761b44,Advanced Math,Nonlinear equations in one variable and systems of equations in two variables,Medium,C,2,PSAT_Math_Part2_q351-700.pdf,355,208.1,355,355.6,355,571.3
681,5e48ccb6,Advanced Math,Nonlinear functions,Medium,A,2,PSAT_Math_Part2_q351-700.pdf,356,174.4,356,320.5,356,595.9
682,db85220f,Advanced Math,Nonlinear functions,Medium,B,2,PSAT_Math_Part2_q351-700.pdf,357,174.4,357,428.7,357,749.8
683,169a5cef,Advanced Math,Nonlinear equations in one variable and systems of equations in two variables,Easy,B,2,PSAT_Math_Part2_q351-700.pdf,358,208.1,358,354.2,358,569.9
684,877585e8,Advanced Math,Nonlinear functions,Hard,B,2,PSAT_Math_Part2_q351-700.pdf,359,174.4,359,350.0,359,732.2
685,f3665402,Advanced Math,Nonlinear equations in one variable and systems of equations in two variables,Hard,18,2,PSAT_Math_Part2_q351-700.pdf,360,208.1,360,255.9,360,423.0
686,42bc647d,Advanced Math,Nonlinear functions,Hard,D,2,PSAT_Math_Part2_q351-700.pdf,361,174.4,361,335.3,361,716.1
687,6d44de27,Advanced Math,Nonlinear functions,Hard,D,2,PSAT_Math_Part2_q351-700.pdf,362,174.4,362,369.0,362,748.4
688,043afcfc,Advanced Math,Nonlinear equations in one variable and systems of equations in two variables,Hard,"20.25, 81/4",2,PSAT_Math_Part2_q351-700.pdf,363,208.1,363,250.2,363,477.8
689,0eced2ad,Advanced Math,Nonlinear functions,Medium,C,2,PSAT_Math_Part2_q351-700.pdf,364,174.4,364,335.3,364,654.2
690,b57aa354,Advanced Math,Nonlinear equations in one variable and systems of equations in two variables,Hard,6,2,PSAT_Math_Part2_q351-700.pdf,365,208.1,365,255.9,365,496.8
691,64eb9d1e,Advanced Math,Equivalent expressions,Easy,A,2,PSAT_Math_Part2_q351-700.pdf,366,174.4,366,305.7,366,521.4
692,6d84ee10,Advanced Math,Nonlinear functions,Medium,18,2,PSAT_Math_Part2_q351-700.pdf,367,174.4,367,236.9,367,419.5
693,db14a20c,Advanced Math,Nonlinear functions,Medium,D,2,PSAT_Math_Part2_q351-700.pdf,368,174.4,368,305.7,368,522.1
694,31041ee4,Advanced Math,Nonlinear functions,Hard,336,2,PSAT_Math_Part2_q351-700.pdf,369,174.4,369,222.1,369,404.0
695,e2a01f52,Advanced Math,Nonlinear equations in one variable and systems of equations in two variables,Medium,C,2,PSAT_Math_Part2_q351-700.pdf,370,208.1,370,354.2,370,614.2
696,5e905ec0,Advanced Math,Nonlinear equations in one variable and systems of equations in two variables,Medium,A,2,PSAT_Math_Part2_q351-700.pdf,371,208.1,371,354.2,371,644.4
697,d3042402,Advanced Math,Nonlinear equations in one variable and systems of equations in two variables,Hard,4,2,PSAT_Math_Part2_q351-700.pdf,372,208.1,372,255.9,372,452.5
698,66015767,Advanced Math,Nonlinear functions,Medium,"14, -5, -4",2,PSAT_Math_Part2_q351-700.pdf,373,174.4,373,207.4,373,418.8
699,0fb16f2f,Advanced Math,Nonlinear functions,Medium,D,2,PSAT_Math_Part2_q351-700.pdf,374,174.4,374,335.3,374,655.6
700,d4c19fa8,Advanced Math,Nonlinear equations in one variable and systems of equations in two variables,Hard,5,2,PSAT_Math_Part2_q351-700.pdf,375,208.1,375,250.2,375,417.4
701,7dea2114,Advanced Math,Nonlinear functions,Hard,D,3,PSAT_Math_Part3_q701-1050.pdf,1,157.5,1,362.7,1,637.3
702,4690d45d,Advanced Math,Nonlinear functions,Medium,B,3,PSAT_Math_Part3_q701-1050.pdf,2,174.4,2,335.3,2,595.2
703,877bd007,Advanced Math,Nonlinear functions,Hard,"25/4, 6.25",3,PSAT_Math_Part3_q701-1050.pdf,3,174.4,3,216.5,3,428.6
704,50dfcb6a,Advanced Math,Nonlinear equations in one variable and systems of equations in two variables,Hard,C,3,PSAT_Math_Part3_q701-1050.pdf,4,208.1,4,404.8,4,709.0
705,1ee78af2,Advanced Math,Nonlinear functions,Hard,-19,3,PSAT_Math_Part3_q701-1050.pdf,5,174.4,5,222.1,5,463.1
706,e1708eb0,Advanced Math,Nonlinear functions,Hard,D,3,PSAT_Math_Part3_q701-1050.pdf,6,174.4,6,449.8,6,755.4
707,b3f03f6a,Advanced Math,Nonlinear functions,Medium,A,3,PSAT_Math_Part3_q701-1050.pdf,7,174.4,7,320.5,7,580.4
708,08efd6e7,Advanced Math,Nonlinear functions,Medium,C,3,PSAT_Math_Part3_q701-1050.pdf,8,174.4,8,325.4,8,632.4
709,7046a0da,Advanced Math,Nonlinear equations in one variable and systems of equations in two variables,Hard,B,3,PSAT_Math_Part3_q701-1050.pdf,9,208.1,9,369.0,9,614.9
710,b28007f8,Advanced Math,Nonlinear functions,Medium,C,3,PSAT_Math_Part3_q701-1050.pdf,10,174.4,10,305.7,10,595.2
711,763c1f25,Advanced Math,Nonlinear equations in one variable and systems of equations in two variables,Hard,"17.5, 35/2",3,PSAT_Math_Part3_q701-1050.pdf,11,208.1,11,270.6,11,513.0
712,2584d355,Advanced Math,Nonlinear functions,Hard,D,3,PSAT_Math_Part3_q701-1050.pdf,12,174.4,12,354.2,12,599.4
713,0ccd0652,Advanced Math,Nonlinear equations in one variable and systems of equations in two variables,Hard,A,3,PSAT_Math_Part3_q701-1050.pdf,13,208.1,13,383.7,13,717.5
714,62ba1727,Advanced Math,Nonlinear functions,Hard,7,3,PSAT_Math_Part3_q701-1050.pdf,14,174.4,14,222.1,14,378.7
715,155d1adf,Advanced Math,Nonlinear functions,Medium,B,3,PSAT_Math_Part3_q701-1050.pdf,15,174.4,15,320.5,15,580.4
716,288c81be,Advanced Math,Nonlinear functions,Easy,C,3,PSAT_Math_Part3_q701-1050.pdf,16,174.4,16,305.7,16,522.1
717,a714b25a,Advanced Math,Nonlinear equations in one variable and systems of equations in two variables,Medium,"11, -7",3,PSAT_Math_Part3_q701-1050.pdf,17,208.1,17,250.2,17,417.4
718,5b205ed2,Advanced Math,Nonlinear equations in one variable and systems of equations in two variables,Hard,D,3,PSAT_Math_Part3_q701-1050.pdf,18,208.1,18,354.9,18,548.1
719,09032b95,Advanced Math,Nonlinear equations in one variable and systems of equations in two variables,Hard,A,3,PSAT_Math_Part3_q701-1050.pdf,19,208.1,19,354.2,19,584.6
720,62821aef,Advanced Math,Nonlinear functions,Hard,D,3,PSAT_Math_Part3_q701-1050.pdf,20,174.4,20,320.5,20,688.6
721,2b8f11e6,Advanced Math,Nonlinear functions,Easy,D,3,PSAT_Math_Part3_q701-1050.pdf,21,174.4,21,320.5,21,580.4
722,3cc0acf5,Advanced Math,Nonlinear functions,Easy,7,3,PSAT_Math_Part3_q701-1050.pdf,22,174.4,22,475.8,22,613.5
723,5a7fef39,Advanced Math,Nonlinear functions,Hard,C,3,PSAT_Math_Part3_q701-1050.pdf,23,174.4,23,350.0,23,641.6
724,6c30cbbe,Advanced Math,Nonlinear equations in one variable and systems of equations in two variables,Medium,C,3,PSAT_Math_Part3_q701-1050.pdf,24,208.1,24,356.3,24,610.6
725,423265ec,Advanced Math,Nonlinear equations in one variable and systems of equations in two variables,Hard,B,3,PSAT_Math_Part3_q701-1050.pdf,25,208.1,25,354.9,25,683.0
726,d91f65a7,Advanced Math,Nonlinear equations in one variable and systems of equations in two variables,Medium,B,3,PSAT_Math_Part3_q701-1050.pdf,26,208.1,26,354.2,26,584.6
727,9c14cee3,Advanced Math,Nonlinear equations in one variable and systems of equations in two variables,Hard,B,3,PSAT_Math_Part3_q701-1050.pdf,27,208.1,27,357.0,27,593.1
728,ccc723a5,Advanced Math,Equivalent expressions,Medium,C,3,PSAT_Math_Part3_q701-1050.pdf,28,174.4,28,305.7,28,521.4
729,d7706113,Advanced Math,Nonlinear equations in one variable and systems of equations in two variables,Hard,A,3,PSAT_Math_Part3_q701-1050.pdf,29,208.1,29,369.0,29,658.4
730,2272fa21,Advanced Math,Equivalent expressions,Easy,D,3,PSAT_Math_Part3_q701-1050.pdf,30,174.4,30,305.7,30,506.6
731,dfb44d1d,Advanced Math,Nonlinear equations in one variable and systems of equations in two variables,Medium,B,3,PSAT_Math_Part3_q701-1050.pdf,31,208.1,31,354.2,31,569.9
732,b3d52f66,Advanced Math,Nonlinear equations in one variable and systems of equations in two variables,Medium,B,3,PSAT_Math_Part3_q701-1050.pdf,32,208.1,32,369.0,32,614.9
733,11066939,Advanced Math,Nonlinear functions,Medium,D,3,PSAT_Math_Part3_q701-1050.pdf,33,174.4,33,305.7,33,522.1
734,b8be51aa,Advanced Math,Equivalent expressions,Easy,A,3,PSAT_Math_Part3_q701-1050.pdf,34,174.4,34,305.7,34,521.4
735,e8e66998,Advanced Math,Nonlinear equations in one variable and systems of equations in two variables,Hard,D,3,PSAT_Math_Part3_q701-1050.pdf,35,208.1,35,354.9,35,617.7
736,6a30c880,Advanced Math,Equivalent expressions,Easy,B,3,PSAT_Math_Part3_q701-1050.pdf,36,174.4,36,305.7,36,521.4
737,b35afde7,Advanced Math,Nonlinear functions,Medium,D,3,PSAT_Math_Part3_q701-1050.pdf,37,174.4,37,320.5,37,580.4
738,ce145b5d,Advanced Math,Equivalent expressions,Hard,D,3,PSAT_Math_Part3_q701-1050.pdf,38,174.4,38,305.7,38,609.9
739,5628913b,Advanced Math,Nonlinear functions,Hard,D,3,PSAT_Math_Part3_q701-1050.pdf,39,174.4,39,364.8,39,801.8
740,99b73a30,Advanced Math,Nonlinear functions,Medium,B,3,PSAT_Math_Part3_q701-1050.pdf,40,174.4,40,320.5,40,581.8
741,ec396a63,Advanced Math,Equivalent expressions,Medium,B,3,PSAT_Math_Part3_q701-1050.pdf,41,174.4,41,305.7,41,521.4
742,d684dd1a,Advanced Math,Nonlinear functions,Medium,C,3,PSAT_Math_Part3_q701-1050.pdf,42,174.4,42,335.3,42,624.7
743,40d75cea,Advanced Math,Nonlinear functions,Hard,D,3,PSAT_Math_Part3_q701-1050.pdf,43,174.4,43,350.0,43,654.9
744,b8fa47e9,Advanced Math,Nonlinear equations in one variable and systems of equations in two variables,Medium,D,3,PSAT_Math_Part3_q701-1050.pdf,44,208.1,44,354.2,44,569.9
745,eaee04f9,Advanced Math,Nonlinear functions,Hard,D,3,PSAT_Math_Part3_q701-1050.pdf,45,174.4,45,320.5,45,598.7
746,80850e93,Advanced Math,Nonlinear functions,Easy,A,3,PSAT_Math_Part3_q701-1050.pdf,46,174.4,46,532.0,46,806.7
747,3d8c1891,Advanced Math,Nonlinear equations in one variable and systems of equations in two variables,Hard,-1,3,PSAT_Math_Part3_q701-1050.pdf,47,208.1,47,255.8,47,438.5
748,b589168d,Advanced Math,Nonlinear functions,Hard,11875,3,PSAT_Math_Part3_q701-1050.pdf,48,174.4,48,222.1,48,404.0
749,91570fae,Advanced Math,Equivalent expressions,Hard,-419,3,PSAT_Math_Part3_q701-1050.pdf,49,174.4,49,222.1,49,389.3
750,6f8f1208,Advanced Math,Equivalent expressions,Easy,B,3,PSAT_Math_Part3_q701-1050.pdf,50,174.4,50,305.7,50,562.2
751,db59f2eb,Advanced Math,Equivalent expressions,Easy,C,3,PSAT_Math_Part3_q701-1050.pdf,51,157.5,51,288.9,51,504.5
752,38bdfb69,Advanced Math,Nonlinear functions,Medium,C,3,PSAT_Math_Part3_q701-1050.pdf,52,174.4,52,335.3,52,580.4
753,3f9633f7,Advanced Math,Equivalent expressions,Hard,B,3,PSAT_Math_Part3_q701-1050.pdf,53,174.4,53,305.7,53,550.9
754,77b35575,Advanced Math,Nonlinear functions,Easy,B,3,PSAT_Math_Part3_q701-1050.pdf,54,174.4,54,570.7,54,786.3
755,b9413f0f,Advanced Math,Equivalent expressions,Medium,B,3,PSAT_Math_Part3_q701-1050.pdf,55,174.4,55,305.7,55,536.2
756,af691219,Advanced Math,Nonlinear equations in one variable and systems of equations in two variables,Easy,C,3,PSAT_Math_Part3_q701-1050.pdf,56,208.1,56,622.7,57,18.9
757,f7474219,Advanced Math,Equivalent expressions,Easy,A,3,PSAT_Math_Part3_q701-1050.pdf,58,174.4,58,305.7,58,506.6
758,70cdc6d2,Advanced Math,Nonlinear functions,Medium,A,3,PSAT_Math_Part3_q701-1050.pdf,59,174.4,59,337.4,59,597.3
759,4bb4cfa1,Advanced Math,Equivalent expressions,Hard,A,3,PSAT_Math_Part3_q701-1050.pdf,60,174.4,60,321.2,60,595.9
760,c95fef9c,Advanced Math,Nonlinear functions,Medium,23,3,PSAT_Math_Part3_q701-1050.pdf,61,174.4,61,201.7,61,354.1
761,5d4df2fd,Advanced Math,Nonlinear functions,Hard,B,3,PSAT_Math_Part3_q701-1050.pdf,62,174.4,62,336.0,62,613.5
762,0ac483b4,Advanced Math,Nonlinear equations in one variable and systems of equations in two variables,Hard,D,3,PSAT_Math_Part3_q701-1050.pdf,63,208.1,63,354.2,63,584.6
763,077b2830,Advanced Math,Nonlinear functions,Hard,B,3,PSAT_Math_Part3_q701-1050.pdf,64,174.4,64,336.7,64,643.7
764,db9e8c54,Advanced Math,Nonlinear functions,Medium,B,3,PSAT_Math_Part3_q701-1050.pdf,65,174.4,65,350.0,65,713.2
765,9f39eced,Advanced Math,Equivalent expressions,Hard,C,3,PSAT_Math_Part3_q701-1050.pdf,66,174.4,66,305.7,66,521.4
766,a6b17375,Advanced Math,Nonlinear functions,Hard,B,3,PSAT_Math_Part3_q701-1050.pdf,67,174.4,67,337.4,67,826.4
767,64a7a257,Advanced Math,Nonlinear equations in one variable and systems of equations in two variables,Hard,231,3,PSAT_Math_Part3_q701-1050.pdf,68,208.1,68,255.9,68,600.8
768,2bd489b5,Advanced Math,Nonlinear functions,Medium,B,3,PSAT_Math_Part3_q701-1050.pdf,69,174.4,69,588.9,70,18.9
769,1efd2fad,Advanced Math,Nonlinear functions,Medium,B,3,PSAT_Math_Part3_q701-1050.pdf,71,174.4,71,351.4,71,657.7
770,44c23cf1,Advanced Math,Nonlinear functions,Medium,A,3,PSAT_Math_Part3_q701-1050.pdf,72,174.4,72,320.5,72,565.7
771,1d367f3e,Advanced Math,Nonlinear equations in one variable and systems of equations in two variables,Medium,5,3,PSAT_Math_Part3_q701-1050.pdf,73,208.1,73,256.6,73,468.0
772,99a754e3,Advanced Math,Nonlinear functions,Hard,48,3,PSAT_Math_Part3_q701-1050.pdf,74,174.4,74,236.9,74,433.6
773,ecf4620a,Advanced Math,Nonlinear functions,Easy,C,3,PSAT_Math_Part3_q701-1050.pdf,75,174.4,75,598.1,75,828.5
774,8f7cb906,Advanced Math,Equivalent expressions,Medium,6,3,PSAT_Math_Part3_q701-1050.pdf,76,174.4,76,207.4,76,389.3
775,2553455c,Advanced Math,Nonlinear functions,Medium,3600,3,PSAT_Math_Part3_q701-1050.pdf,77,174.4,77,246.0,77,413.2
776,af691219,Advanced Math,Nonlinear equations in one variable and systems of equations in two variables,Easy,C,3,PSAT_Math_Part3_q701-1050.pdf,78,208.1,78,622.7,79,18.9
777,3189516f,Advanced Math,Nonlinear functions,Easy,A,3,PSAT_Math_Part3_q701-1050.pdf,80,174.4,80,305.7,80,536.2
778,dc7115cf,Advanced Math,Equivalent expressions,Easy,A,3,PSAT_Math_Part3_q701-1050.pdf,81,174.4,81,305.7,81,521.4
779,993dd564,Advanced Math,Equivalent expressions,Medium,C,3,PSAT_Math_Part3_q701-1050.pdf,82,174.4,82,305.7,82,550.9
780,fb8113d1,Advanced Math,Equivalent expressions,Hard,A,3,PSAT_Math_Part3_q701-1050.pdf,83,174.4,83,320.5,83,550.9
781,a0228fe7,Advanced Math,Nonlinear equations in one variable and systems of equations in two variables,Medium,A,3,PSAT_Math_Part3_q701-1050.pdf,84,208.1,85,558.7,86,18.9
782,cfee492e,Advanced Math,Nonlinear functions,Hard,A,3,PSAT_Math_Part3_q701-1050.pdf,87,174.4,87,336.0,87,581.8
783,92280623,Advanced Math,Nonlinear functions,Medium,D,3,PSAT_Math_Part3_q701-1050.pdf,88,174.4,88,603.7,89,44.9
784,8c2b81ae,Advanced Math,Nonlinear equations in one variable and systems of equations in two variables,Medium,D,3,PSAT_Math_Part3_q701-1050.pdf,90,208.1,90,666.9,91,167.2
785,ce925185,Advanced Math,Nonlinear equations in one variable and systems of equations in two variables,Hard,6,3,PSAT_Math_Part3_q701-1050.pdf,92,208.1,92,270.6,92,467.3
786,35fed7ec,Advanced Math,Nonlinear equations in one variable and systems of equations in two variables,Medium,D,3,PSAT_Math_Part3_q701-1050.pdf,93,208.1,93,354.2,93,569.9
787,94c258fa,Advanced Math,Nonlinear functions,Medium,A,3,PSAT_Math_Part3_q701-1050.pdf,94,174.4,94,379.5,94,654.2
788,6955a2ac,Advanced Math,Equivalent expressions,Hard,9,3,PSAT_Math_Part3_q701-1050.pdf,95,174.4,95,222.1,95,404.0
789,1a4b397c,Advanced Math,Nonlinear equations in one variable and systems of equations in two variables,Hard,".0625, 1/16",3,PSAT_Math_Part3_q701-1050.pdf,96,208.1,96,265.0,96,614.2
790,30ceb7c8,Advanced Math,Nonlinear functions,Hard,"-13/2, -6.5",3,PSAT_Math_Part3_q701-1050.pdf,97,174.4,97,222.1,97,527.7
791,c26d46ff,Advanced Math,Nonlinear functions,Hard,B,3,PSAT_Math_Part3_q701-1050.pdf,98,174.4,98,552.4,98,812.3
792,bee2bb22,Advanced Math,Equivalent expressions,Hard,B,3,PSAT_Math_Part3_q701-1050.pdf,99,174.4,99,339.5,99,614.2
793,4fe2a7ee,Advanced Math,Nonlinear functions,Easy,B,3,PSAT_Math_Part3_q701-1050.pdf,100,174.4,102,-6.3,102,312.7
794,a2166248,Advanced Math,Nonlinear functions,Easy,D,3,PSAT_Math_Part3_q701-1050.pdf,103,174.4,103,574.2,103,789.8
795,46e37d4b,Advanced Math,Nonlinear equations in one variable and systems of equations in two variables,Medium,B,3,PSAT_Math_Part3_q701-1050.pdf,104,208.1,104,354.2,104,569.9
796,ad607d67,Advanced Math,Nonlinear functions,Medium,B,3,PSAT_Math_Part3_q701-1050.pdf,105,174.4,105,435.0,105,666.2
797,ba5a0193,Advanced Math,Nonlinear functions,Hard,5,3,PSAT_Math_Part3_q701-1050.pdf,106,174.4,106,231.3,106,503.8
798,e9eb0862,Advanced Math,Nonlinear functions,Hard,B,3,PSAT_Math_Part3_q701-1050.pdf,107,174.4,107,378.1,107,726.6
799,7a7ed411,Advanced Math,Nonlinear equations in one variable and systems of equations in two variables,Medium,-9,3,PSAT_Math_Part3_q701-1050.pdf,108,208.1,108,255.9,108,408.3
800,c2ff4625,Advanced Math,Nonlinear functions,Hard,168,3,PSAT_Math_Part3_q701-1050.pdf,109,174.4,109,251.6,109,479.9
801,a5dc10ab,Advanced Math,Nonlinear functions,Hard,B,3,PSAT_Math_Part3_q701-1050.pdf,110,157.5,110,318.4,110,565.0
802,dbb15274,Advanced Math,Nonlinear equations in one variable and systems of equations in two variables,Hard,C,3,PSAT_Math_Part3_q701-1050.pdf,111,208.1,111,354.2,111,658.4
803,7a65a4aa,Advanced Math,Nonlinear equations in one variable and systems of equations in two variables,Easy,D,3,PSAT_Math_Part3_q701-1050.pdf,112,208.1,112,369.0,112,599.4
804,b30bb27f,Advanced Math,Nonlinear equations in one variable and systems of equations in two variables,Hard,A,3,PSAT_Math_Part3_q701-1050.pdf,113,208.1,113,371.8,113,619.1
805,7e7255de,Advanced Math,Nonlinear functions,Medium,A,3,PSAT_Math_Part3_q701-1050.pdf,114,174.4,114,305.7,114,536.2
806,996ee9fc,Advanced Math,Equivalent expressions,Medium,A,3,PSAT_Math_Part3_q701-1050.pdf,115,174.4,115,305.7,115,536.2
807,7d86a6ad,Advanced Math,Nonlinear functions,Hard,D,3,PSAT_Math_Part3_q701-1050.pdf,116,174.4,116,320.5,116,688.6
808,9514e764,Advanced Math,Nonlinear functions,Medium,B,3,PSAT_Math_Part3_q701-1050.pdf,117,174.4,117,320.5,117,566.4
809,67f9ce96,Advanced Math,Nonlinear functions,Medium,B,3,PSAT_Math_Part3_q701-1050.pdf,118,174.4,118,336.0,118,655.6
810,5b574c25,Advanced Math,Nonlinear functions,Easy,6,3,PSAT_Math_Part3_q701-1050.pdf,119,174.4,119,475.8,119,613.5
811,1845987d,Advanced Math,Nonlinear functions,Hard,-7,3,PSAT_Math_Part3_q701-1050.pdf,120,174.4,120,222.8,120,375.9
812,77c8bd4a,Advanced Math,Nonlinear functions,Hard,"3.44, 86/25",3,PSAT_Math_Part3_q701-1050.pdf,121,174.4,121,201.7,121,513.7
813,1d8b3958,Advanced Math,Nonlinear equations in one variable and systems of equations in two variables,Medium,B,3,PSAT_Math_Part3_q701-1050.pdf,122,208.1,122,354.2,122,643.7
814,65aef65f,Advanced Math,Nonlinear functions,Medium,3,3,PSAT_Math_Part3_q701-1050.pdf,123,174.4,123,470.2,123,622.6
815,f52b072c,Advanced Math,Nonlinear functions,Easy,A,3,PSAT_Math_Part3_q701-1050.pdf,124,174.4,124,305.7,124,521.4
816,9888ca87,Advanced Math,Nonlinear functions,Easy,A,3,PSAT_Math_Part3_q701-1050.pdf,125,174.4,125,305.7,125,521.4
817,707185e0,Advanced Math,Nonlinear equations in one variable and systems of equations in two variables,Hard,31,3,PSAT_Math_Part3_q701-1050.pdf,126,208.1,126,255.9,126,607.1
818,9f0e721d,Advanced Math,Nonlinear equations in one variable and systems of equations in two variables,Medium,D,3,PSAT_Math_Part3_q701-1050.pdf,127,208.1,127,354.2,127,570.6
819,d699d0b2,Advanced Math,Equivalent expressions,Hard,".2916, .2917, 7/24",3,PSAT_Math_Part3_q701-1050.pdf,128,174.4,128,203.1,128,371.7
820,194aa933,Advanced Math,Nonlinear functions,Medium,C,3,PSAT_Math_Part3_q701-1050.pdf,129,174.4,129,350.0,129,625.4
821,9a614311,Advanced Math,Nonlinear equations in one variable and systems of equations in two variables,Hard,C,3,PSAT_Math_Part3_q701-1050.pdf,130,208.1,130,383.7,130,763.1
822,21be5f04,Advanced Math,Nonlinear functions,Hard,B,3,PSAT_Math_Part3_q701-1050.pdf,131,174.4,131,320.5,131,654.2
823,baf439a1,Advanced Math,Nonlinear functions,Medium,-3,3,PSAT_Math_Part3_q701-1050.pdf,132,174.4,132,472.3,132,624.7
824,fb72f2ed,Advanced Math,Nonlinear functions,Hard,B,3,PSAT_Math_Part3_q701-1050.pdf,133,174.4,133,603.7,134,59.7
825,e7d33124,Advanced Math,Equivalent expressions,Easy,C,3,PSAT_Math_Part3_q701-1050.pdf,135,174.4,135,305.7,135,521.4
826,dfbf8890,Advanced Math,Nonlinear functions,Hard,B,3,PSAT_Math_Part3_q701-1050.pdf,136,174.4,136,350.0,137,152.5
827,5108645e,Advanced Math,Nonlinear equations in one variable and systems of equations in two variables,Hard,D,3,PSAT_Math_Part3_q701-1050.pdf,138,208.1,138,354.2,138,644.4
828,cdc398ca,Advanced Math,Nonlinear functions,Hard,D,3,PSAT_Math_Part3_q701-1050.pdf,139,174.4,139,336.7,139,583.2
829,583767ba,Advanced Math,Nonlinear functions,Hard,5,3,PSAT_Math_Part3_q701-1050.pdf,140,174.4,140,222.1,140,404.0
830,4a05c831,Advanced Math,Nonlinear functions,Easy,3,3,PSAT_Math_Part3_q701-1050.pdf,141,174.4,141,475.8,141,613.5
831,de3cc97b,Advanced Math,Nonlinear functions,Hard,D,3,PSAT_Math_Part3_q701-1050.pdf,142,174.4,142,320.5,142,595.9
832,d84cbe50,Advanced Math,Nonlinear functions,Medium,C,3,PSAT_Math_Part3_q701-1050.pdf,143,174.4,144,117.4,144,347.8
833,fb5f1cf7,Advanced Math,Nonlinear equations in one variable and systems of equations in two variables,Medium,B,3,PSAT_Math_Part3_q701-1050.pdf,145,208.1,145,340.2,145,556.5
834,42045837,Advanced Math,Nonlinear functions,Hard,D,3,PSAT_Math_Part3_q701-1050.pdf,146,174.4,146,335.3,146,654.2
835,27711b27,Advanced Math,Nonlinear functions,Medium,B,3,PSAT_Math_Part3_q701-1050.pdf,147,174.4,147,350.0,147,683.7
836,ef091e05,Advanced Math,Nonlinear functions,Hard,B,3,PSAT_Math_Part3_q701-1050.pdf,148,174.4,148,337.4,148,642.3
837,8e83d9b7,Advanced Math,Nonlinear functions,Medium,D,3,PSAT_Math_Part3_q701-1050.pdf,149,174.4,149,335.3,149,655.6
838,74fabd59,Advanced Math,Nonlinear functions,Medium,B,3,PSAT_Math_Part3_q701-1050.pdf,150,174.4,150,305.7,150,550.9
839,05e193b5,Advanced Math,Nonlinear functions,Medium,B,3,PSAT_Math_Part3_q701-1050.pdf,151,174.4,151,598.1,152,44.9
840,a85c6c61,Advanced Math,Nonlinear equations in one variable and systems of equations in two variables,Easy,A,3,PSAT_Math_Part3_q701-1050.pdf,153,208.1,153,354.2,153,599.4
841,4bde993d,Advanced Math,Equivalent expressions,Hard,".09, 9/100",3,PSAT_Math_Part3_q701-1050.pdf,154,174.4,154,216.5,154,427.9
842,bc43aed0,Advanced Math,Equivalent expressions,Easy,C,3,PSAT_Math_Part3_q701-1050.pdf,155,174.4,155,305.7,155,521.4
843,629e9228,Advanced Math,Nonlinear equations in one variable and systems of equations in two variables,Medium,B,3,PSAT_Math_Part3_q701-1050.pdf,156,208.1,156,354.2,156,584.6
844,feba5a37,Advanced Math,Nonlinear functions,Hard,5,3,PSAT_Math_Part3_q701-1050.pdf,157,174.4,157,222.1,157,433.6
845,78216a4d,Advanced Math,Nonlinear functions,Medium,C,3,PSAT_Math_Part3_q701-1050.pdf,158,174.4,158,305.7,158,523.5
846,c35b7410,Advanced Math,Nonlinear equations in one variable and systems of equations in two variables,Easy,C,3,PSAT_Math_Part3_q701-1050.pdf,159,208.1,159,604.4,159,834.8
847,160f2a35,Advanced Math,Nonlinear equations in one variable and systems of equations in two variables,Hard,D,3,PSAT_Math_Part3_q701-1050.pdf,160,208.1,160,339.5,160,673.9
848,998a3fe3,Advanced Math,Nonlinear functions,Medium,B,3,PSAT_Math_Part3_q701-1050.pdf,161,174.4,161,596.0,162,18.9
849,2fc078ac,Advanced Math,Nonlinear equations in one variable and systems of equations in two variables,Medium,"2, -12",3,PSAT_Math_Part3_q701-1050.pdf,163,208.1,163,250.2,163,432.2
850,638544c4,Advanced Math,Nonlinear functions,Hard,A,3,PSAT_Math_Part3_q701-1050.pdf,164,174.4,164,320.5,164,580.4
851,4cc2980e,Advanced Math,Nonlinear functions,Medium,A,3,PSAT_Math_Part3_q701-1050.pdf,165,157.5,165,318.4,165,659.8
852,62dd5b77,Advanced Math,Equivalent expressions,Hard,C,3,PSAT_Math_Part3_q701-1050.pdf,166,174.4,166,335.3,166,654.2
853,628fa44f,Advanced Math,Nonlinear functions,Hard,44,3,PSAT_Math_Part3_q701-1050.pdf,167,174.4,167,217.2,167,534.7
854,08ffcaa3,Advanced Math,Equivalent expressions,Easy,B,3,PSAT_Math_Part3_q701-1050.pdf,168,174.4,168,305.7,168,506.6
855,339e04b7,Advanced Math,Nonlinear equations in one variable and systems of equations in two variables,Easy,B,3,PSAT_Math_Part3_q701-1050.pdf,169,208.1,169,369.0,169,643.7
856,a71e3029,Advanced Math,Nonlinear equations in one variable and systems of equations in two variables,Hard,C,3,PSAT_Math_Part3_q701-1050.pdf,170,208.1,170,358.4,170,630.3
857,429593eb,Advanced Math,Nonlinear functions,Hard,-2112,3,PSAT_Math_Part3_q701-1050.pdf,171,174.4,171,326.1,171,705.5
858,cec444a7,Advanced Math,Nonlinear functions,Hard,C,3,PSAT_Math_Part3_q701-1050.pdf,172,174.4,172,591.1,173,96.9
859,f82cc584,Advanced Math,Nonlinear functions,Hard,A,3,PSAT_Math_Part3_q701-1050.pdf,174,174.4,174,335.3,174,609.9
860,6db620cc,Advanced Math,Nonlinear equations in one variable and systems of equations in two variables,Medium,C,3,PSAT_Math_Part3_q701-1050.pdf,175,208.1,175,339.5,175,540.4
861,490e956a,Advanced Math,Nonlinear functions,Hard,B,3,PSAT_Math_Part3_q701-1050.pdf,176,174.4,176,337.4,176,659.1
862,7820dc15,Advanced Math,Nonlinear equations in one variable and systems of equations in two variables,Hard,16,3,PSAT_Math_Part3_q701-1050.pdf,177,208.1,177,250.2,177,484.2
863,d1695bb7,Advanced Math,Nonlinear functions,Easy,A,3,PSAT_Math_Part3_q701-1050.pdf,178,174.4,178,320.5,178,565.7
864,ec297cd8,Advanced Math,Nonlinear equations in one variable and systems of equations in two variables,Medium,A,3,PSAT_Math_Part3_q701-1050.pdf,179,208.1,179,369.7,179,600.8
865,1563ad0d,Advanced Math,Nonlinear equations in one variable and systems of equations in two variables,Easy,A,3,PSAT_Math_Part3_q701-1050.pdf,180,208.1,180,369.0,180,614.9
866,3b0ffb71,Advanced Math,Nonlinear functions,Hard,20,3,PSAT_Math_Part3_q701-1050.pdf,181,174.4,181,222.1,181,418.8
867,46b433ae,Advanced Math,Nonlinear equations in one variable and systems of equations in two variables,Hard,50,3,PSAT_Math_Part3_q701-1050.pdf,182,208.1,182,255.9,182,468.0
868,9cc38e5f,Advanced Math,Nonlinear functions,Easy,40,3,PSAT_Math_Part3_q701-1050.pdf,183,174.4,183,475.8,183,613.5
869,285cf49d,Advanced Math,Nonlinear functions,Medium,"11/4, 2.75",3,PSAT_Math_Part3_q701-1050.pdf,184,174.4,184,209.5,184,365.4
870,3784db1a,Advanced Math,Equivalent expressions,Hard,"15.5, 31/2",3,PSAT_Math_Part3_q701-1050.pdf,185,174.4,185,216.5,186,104.0
871,55087e8b,Advanced Math,Nonlinear functions,Hard,C,3,PSAT_Math_Part3_q701-1050.pdf,187,174.4,187,350.0,187,731.5
872,59b7ef3e,Problem-Solving and Data Analysis,One-variable data: Distributions and measures of center and spread,Hard,C,3,PSAT_Math_Part3_q701-1050.pdf,188,196.9,188,440.7,188,671.1
873,ef173fc1,Problem-Solving and Data Analysis,Inference from sample statistics and margin of error,Medium,A,3,PSAT_Math_Part3_q701-1050.pdf,189,185.6,189,361.3,189,665.5
874,cf74060f,Problem-Solving and Data Analysis,"Ratios, rates, proportional relationships, and units",Easy,B,3,PSAT_Math_Part3_q701-1050.pdf,190,196.9,190,328.2,190,550.9
875,2a2cb9b7,Problem-Solving and Data Analysis,One-variable data: Distributions and measures of center and spread,Easy,8,3,PSAT_Math_Part3_q701-1050.pdf,191,196.9,191,397.8,191,565.0
876,37d52288,Problem-Solving and Data Analysis,Percentages,Hard,600,3,PSAT_Math_Part3_q701-1050.pdf,192,174.4,192,207.4,192,359.8
877,7654a7f7,Problem-Solving and Data Analysis,Percentages,Easy,D,3,PSAT_Math_Part3_q701-1050.pdf,193,174.4,193,320.5,193,550.9
878,df636b8e,Problem-Solving and Data Analysis,One-variable data: Distributions and measures of center and spread,Hard,41,3,PSAT_Math_Part3_q701-1050.pdf,194,196.9,194,259.4,194,530.5
879,ad39571c,Problem-Solving and Data Analysis,"Ratios, rates, proportional relationships, and units",Medium,567,3,PSAT_Math_Part3_q701-1050.pdf,195,196.9,195,224.2,195,376.6
880,6ef051d6,Problem-Solving and Data Analysis,"Ratios, rates, proportional relationships, and units",Easy,C,3,PSAT_Math_Part3_q701-1050.pdf,196,196.9,196,343.0,196,605.0
881,fef1f5c9,Problem-Solving and Data Analysis,Probability and conditional probability,Easy,C,3,PSAT_Math_Part3_q701-1050.pdf,197,185.6,197,333.2,197,596.6
882,72c5e5dd,Problem-Solving and Data Analysis,One-variable data: Distributions and measures of center and spread,Easy,A,3,PSAT_Math_Part3_q701-1050.pdf,198,196.9,198,694.4,199,70.9
883,ee20d658,Problem-Solving and Data Analysis,Percentages,Hard,576,3,PSAT_Math_Part3_q701-1050.pdf,200,174.4,200,201.7,200,383.7
884,1e42e80a,Problem-Solving and Data Analysis,Two-variable data: Models and scatterplots,Hard,C,3,PSAT_Math_Part3_q701-1050.pdf,201,185.6,201,331.7,201,591.7
885,619a9af3,Problem-Solving and Data Analysis,"Ratios, rates, proportional relationships, and units",Easy,A,3,PSAT_Math_Part3_q701-1050.pdf,202,196.9,202,343.0,202,590.3
886,767d5ce1,Problem-Solving and Data Analysis,"Ratios, rates, proportional relationships, and units",Easy,A,3,PSAT_Math_Part3_q701-1050.pdf,203,196.9,203,343.0,203,558.6
887,1c92f5b3,Problem-Solving and Data Analysis,"Ratios, rates, proportional relationships, and units",Medium,A,3,PSAT_Math_Part3_q701-1050.pdf,204,196.9,204,328.2,204,550.9
888,5dd20f69,Problem-Solving and Data Analysis,Percentages,Hard,C,3,PSAT_Math_Part3_q701-1050.pdf,205,174.4,205,320.5,205,639.5
889,90bcc3ea,Problem-Solving and Data Analysis,One-variable data: Distributions and measures of center and spread,Medium,29,3,PSAT_Math_Part3_q701-1050.pdf,206,196.9,206,244.6,206,397.0
890,304a37da,Problem-Solving and Data Analysis,One-variable data: Distributions and measures of center and spread,Medium,9,3,PSAT_Math_Part3_q701-1050.pdf,207,196.9,207,259.4,207,426.5
891,5aba7ae0,Problem-Solving and Data Analysis,Probability and conditional probability,Easy,B,3,PSAT_Math_Part3_q701-1050.pdf,208,185.6,208,346.5,208,621.2
892,17afbecc,Problem-Solving and Data Analysis,"Ratios, rates, proportional relationships, and units",Easy,C,3,PSAT_Math_Part3_q701-1050.pdf,209,196.9,209,372.5,209,632.4
893,e75edd72,Problem-Solving and Data Analysis,Probability and conditional probability,Hard,"0.4, 2/5",3,PSAT_Math_Part3_q701-1050.pdf,210,185.6,210,369.7,210,566.4
894,b9f4562a,Problem-Solving and Data Analysis,Percentages,Easy,75,3,PSAT_Math_Part3_q701-1050.pdf,211,174.4,211,216.5,211,368.9
895,f3c811a6,Problem-Solving and Data Analysis,Percentages,Medium,110,3,PSAT_Math_Part3_q701-1050.pdf,212,174.4,212,207.4,212,374.5
896,354dd385,Problem-Solving and Data Analysis,"Ratios, rates, proportional relationships, and units",Medium,35728,3,PSAT_Math_Part3_q701-1050.pdf,213,196.9,213,244.6,213,388.6
897,fb8c1a87,Problem-Solving and Data Analysis,"Ratios, rates, proportional relationships, and units",Hard,D,3,PSAT_Math_Part3_q701-1050.pdf,214,196.9,214,343.0,214,573.4
898,a7e8fdec,Problem-Solving and Data Analysis,Percentages,Easy,D,3,PSAT_Math_Part3_q701-1050.pdf,215,174.4,215,305.7,215,536.2
899,a958d93a,Problem-Solving and Data Analysis,Percentages,Medium,324,3,PSAT_Math_Part3_q701-1050.pdf,216,174.4,216,246.0,216,457.4
900,410fb541,Problem-Solving and Data Analysis,"Ratios, rates, proportional relationships, and units",Hard,B,3,PSAT_Math_Part3_q701-1050.pdf,217,196.9,217,343.0,217,663.3
901,781ebeac,Problem-Solving and Data Analysis,"Ratios, rates, proportional relationships, and units",Hard,"0.32, 8/25",3,PSAT_Math_Part3_q701-1050.pdf,218,180.0,218,236.9,218,434.3
902,7f5015ca,Problem-Solving and Data Analysis,Probability and conditional probability,Hard,".3833, 23/60",3,PSAT_Math_Part3_q701-1050.pdf,219,185.6,219,369.7,219,610.6
903,e041089e,Problem-Solving and Data Analysis,"Ratios, rates, proportional relationships, and units",Hard,16606,3,PSAT_Math_Part3_q701-1050.pdf,220,196.9,220,244.6,220,403.3
904,bc6b343d,Problem-Solving and Data Analysis,Percentages,Hard,"203/50, 4.06",3,PSAT_Math_Part3_q701-1050.pdf,221,174.4,221,231.3,221,383.7
905,30a4f4a3,Problem-Solving and Data Analysis,One-variable data: Distributions and measures of center and spread,Hard,44,3,PSAT_Math_Part3_q701-1050.pdf,222,196.9,222,259.4,222,530.5
906,0b5424c0,Problem-Solving and Data Analysis,"Ratios, rates, proportional relationships, and units",Hard,6.21,3,PSAT_Math_Part3_q701-1050.pdf,223,196.9,223,259.4,223,433.6
907,859d9971,Problem-Solving and Data Analysis,"Ratios, rates, proportional relationships, and units",Hard,B,3,PSAT_Math_Part3_q701-1050.pdf,224,196.9,224,343.0,224,624.7
908,89b3ea02,Problem-Solving and Data Analysis,Probability and conditional probability,Easy,B,3,PSAT_Math_Part3_q701-1050.pdf,225,185.6,225,331.7,225,576.9
909,aae6aebd,Problem-Solving and Data Analysis,Probability and conditional probability,Easy,B,3,PSAT_Math_Part3_q701-1050.pdf,226,185.6,226,331.7,226,576.9
910,e96895bb,Problem-Solving and Data Analysis,Percentages,Hard,D,3,PSAT_Math_Part3_q701-1050.pdf,227,174.4,227,305.7,227,580.4
911,8c80a1f7,Problem-Solving and Data Analysis,"Ratios, rates, proportional relationships, and units",Easy,A,3,PSAT_Math_Part3_q701-1050.pdf,228,196.9,228,343.0,228,573.4
912,9142011e,Problem-Solving and Data Analysis,Two-variable data: Models and scatterplots,Easy,A,3,PSAT_Math_Part3_q701-1050.pdf,229,185.6,229,600.2,229,845.4
913,5deda8b0,Problem-Solving and Data Analysis,"Ratios, rates, proportional relationships, and units",Hard,17,3,PSAT_Math_Part3_q701-1050.pdf,230,196.9,230,244.6,230,397.0
914,150b63a5,Problem-Solving and Data Analysis,Two-variable data: Models and scatterplots,Medium,C,3,PSAT_Math_Part3_q701-1050.pdf,231,185.6,231,600.2,232,18.9
915,33ac56b9,Problem-Solving and Data Analysis,"Ratios, rates, proportional relationships, and units",Easy,B,3,PSAT_Math_Part3_q701-1050.pdf,233,196.9,233,328.2,233,550.2
916,09a0ecd6,Problem-Solving and Data Analysis,One-variable data: Distributions and measures of center and spread,Easy,D,3,PSAT_Math_Part3_q701-1050.pdf,234,196.9,234,602.3,235,18.9
917,5e5ce50a,Problem-Solving and Data Analysis,Percentages,Medium,B,3,PSAT_Math_Part3_q701-1050.pdf,236,174.4,236,305.7,236,536.2
918,42e6c47c,Problem-Solving and Data Analysis,Percentages,Hard,A,3,PSAT_Math_Part3_q701-1050.pdf,237,174.4,237,305.7,237,536.2
919,b0f7f399,Problem-Solving and Data Analysis,"Ratios, rates, proportional relationships, and units",Medium,34672,3,PSAT_Math_Part3_q701-1050.pdf,238,196.9,238,259.4,238,403.3
920,00a93f40,Problem-Solving and Data Analysis,Two-variable data: Models and scatterplots,Medium,B,3,PSAT_Math_Part3_q701-1050.pdf,239,185.6,239,600.2,239,832.0
921,052af884,Problem-Solving and Data Analysis,One-variable data: Distributions and measures of center and spread,Hard,D,3,PSAT_Math_Part3_q701-1050.pdf,240,196.9,240,376.7,240,666.2
922,bfb035d6,Problem-Solving and Data Analysis,One-variable data: Distributions and measures of center and spread,Medium,C,3,PSAT_Math_Part3_q701-1050.pdf,241,196.9,241,461.8,241,677.4
923,988ab336,Problem-Solving and Data Analysis,"Ratios, rates, proportional relationships, and units",Medium,370,3,PSAT_Math_Part3_q701-1050.pdf,242,196.9,242,244.6,242,403.3
924,10ff87f3,Problem-Solving and Data Analysis,"Ratios, rates, proportional relationships, and units",Medium,"423.5, 847/2",3,PSAT_Math_Part3_q701-1050.pdf,243,196.9,243,224.2,243,368.2
925,90ff6271,Problem-Solving and Data Analysis,"Ratios, rates, proportional relationships, and units",Easy,A,3,PSAT_Math_Part3_q701-1050.pdf,244,196.9,244,343.0,244,617.7
926,2b327d7f,Problem-Solving and Data Analysis,Inference from sample statistics and margin of error,Hard,B,3,PSAT_Math_Part3_q701-1050.pdf,245,185.6,245,361.3,245,665.5
927,5ddea380,Problem-Solving and Data Analysis,Probability and conditional probability,Medium,".0714, 1/14",3,PSAT_Math_Part3_q701-1050.pdf,246,185.6,246,242.5,246,439.2
928,c387d395,Problem-Solving and Data Analysis,Two-variable data: Models and scatterplots,Easy,C,3,PSAT_Math_Part3_q701-1050.pdf,247,185.6,247,605.8,248,44.9
929,59b985a2,Problem-Solving and Data Analysis,Probability and conditional probability,Easy,A,3,PSAT_Math_Part3_q701-1050.pdf,249,185.6,249,331.7,249,562.2
930,573d3cbf,Problem-Solving and Data Analysis,One-variable data: Distributions and measures of center and spread,Easy,B,3,PSAT_Math_Part3_q701-1050.pdf,250,196.9,250,343.0,250,558.6
931,839d25cc,Problem-Solving and Data Analysis,Two-variable data: Models and scatterplots,Medium,B,3,PSAT_Math_Part3_q701-1050.pdf,251,185.6,251,600.2,251,845.4
932,aa0af439,Problem-Solving and Data Analysis,"Ratios, rates, proportional relationships, and units",Easy,A,3,PSAT_Math_Part3_q701-1050.pdf,252,196.9,252,328.2,252,550.2
933,ecb93995,Problem-Solving and Data Analysis,Percentages,Hard,"1512/5, 302.4",3,PSAT_Math_Part3_q701-1050.pdf,253,174.4,253,201.7,253,368.9
934,d788fd50,Problem-Solving and Data Analysis,One-variable data: Distributions and measures of center and spread,Hard,B,3,PSAT_Math_Part3_q701-1050.pdf,254,196.9,254,622.0,255,182.0
935,6c17c5a3,Problem-Solving and Data Analysis,One-variable data: Distributions and measures of center and spread,Hard,B,3,PSAT_Math_Part3_q701-1050.pdf,256,196.9,256,536.9,257,44.9
936,68a0f740,Problem-Solving and Data Analysis,Two-variable data: Models and scatterplots,Easy,D,3,PSAT_Math_Part3_q701-1050.pdf,258,185.6,258,600.2,259,167.2
937,2584cda8,Problem-Solving and Data Analysis,Inference from sample statistics and margin of error,Easy,A,3,PSAT_Math_Part3_q701-1050.pdf,260,185.6,260,361.3,260,606.4
938,14baeb51,Problem-Solving and Data Analysis,Two-variable data: Models and scatterplots,Hard,A,3,PSAT_Math_Part3_q701-1050.pdf,261,185.6,261,614.9,262,96.9
939,c6574ec0,Problem-Solving and Data Analysis,Percentages,Hard,C,3,PSAT_Math_Part3_q701-1050.pdf,263,174.4,263,320.5,263,566.4
940,8f250149,Problem-Solving and Data Analysis,Two-variable data: Models and scatterplots,Hard,"0.5, 1/2",3,PSAT_Math_Part3_q701-1050.pdf,264,185.6,264,505.3,264,702.7
941,625bd2bb,Problem-Solving and Data Analysis,One-variable data: Distributions and measures of center and spread,Easy,D,3,PSAT_Math_Part3_q701-1050.pdf,265,196.9,265,585.4,265,845.4
942,c0f5ceb0,Problem-Solving and Data Analysis,"Ratios, rates, proportional relationships, and units",Easy,C,3,PSAT_Math_Part3_q701-1050.pdf,266,196.9,266,328.2,266,543.9
943,f18032ac,Problem-Solving and Data Analysis,One-variable data: Distributions and measures of center and spread,Easy,B,3,PSAT_Math_Part3_q701-1050.pdf,267,196.9,267,533.4,267,778.6
944,dc41a752,Problem-Solving and Data Analysis,Probability and conditional probability,Easy,D,3,PSAT_Math_Part3_q701-1050.pdf,268,185.6,268,450.5,268,695.7
945,338eaa47,Problem-Solving and Data Analysis,"Ratios, rates, proportional relationships, and units",Hard,B,3,PSAT_Math_Part3_q701-1050.pdf,269,196.9,269,328.2,269,594.5
946,cc5923de,Problem-Solving and Data Analysis,"Ratios, rates, proportional relationships, and units",Hard,D,3,PSAT_Math_Part3_q701-1050.pdf,270,196.9,270,343.0,270,623.3
947,76ae9e64,Problem-Solving and Data Analysis,Percentages,Easy,B,3,PSAT_Math_Part3_q701-1050.pdf,271,174.4,271,305.7,271,521.4
948,53b13005,Problem-Solving and Data Analysis,Percentages,Medium,56,3,PSAT_Math_Part3_q701-1050.pdf,272,174.4,272,222.1,272,389.3
949,95bf6ccc,Problem-Solving and Data Analysis,Percentages,Easy,A,3,PSAT_Math_Part3_q701-1050.pdf,273,174.4,273,305.7,273,521.4
950,74a66620,Problem-Solving and Data Analysis,"Ratios, rates, proportional relationships, and units",Medium,A,3,PSAT_Math_Part3_q701-1050.pdf,274,196.9,274,343.0,274,619.1
951,1f99c16c,Problem-Solving and Data Analysis,Percentages,Hard,B,3,PSAT_Math_Part3_q701-1050.pdf,275,157.5,275,318.4,275,578.3
952,8f6842b8,Problem-Solving and Data Analysis,Two-variable data: Models and scatterplots,Medium,D,3,PSAT_Math_Part3_q701-1050.pdf,276,185.6,276,596.7,276,843.2
953,88de9ee2,Problem-Solving and Data Analysis,One-variable data: Distributions and measures of center and spread,Easy,30,3,PSAT_Math_Part3_q701-1050.pdf,277,196.9,277,430.1,277,567.8
954,d60b2133,Problem-Solving and Data Analysis,Percentages,Hard,D,3,PSAT_Math_Part3_q701-1050.pdf,278,174.4,278,335.3,278,595.9
955,4cf4c124,Problem-Solving and Data Analysis,One-variable data: Distributions and measures of center and spread,Easy,14,3,PSAT_Math_Part3_q701-1050.pdf,279,196.9,279,366.2,279,518.6
956,d0e32a44,Problem-Solving and Data Analysis,"Ratios, rates, proportional relationships, and units",Easy,A,3,PSAT_Math_Part3_q701-1050.pdf,280,196.9,280,343.0,280,573.4
957,2dc0f863,Problem-Solving and Data Analysis,Probability and conditional probability,Hard,A,3,PSAT_Math_Part3_q701-1050.pdf,281,185.6,281,331.7,281,650.7
958,5d09fea2,Problem-Solving and Data Analysis,Percentages,Easy,D,3,PSAT_Math_Part3_q701-1050.pdf,282,174.4,282,305.7,282,523.5
959,4192efd7,Problem-Solving and Data Analysis,Percentages,Hard,B,3,PSAT_Math_Part3_q701-1050.pdf,283,174.4,283,305.7,283,536.2
960,adcab929,Problem-Solving and Data Analysis,One-variable data: Distributions and measures of center and spread,Hard,14,3,PSAT_Math_Part3_q701-1050.pdf,284,196.9,284,483.5,284,665.5
961,ce18cfcc,Problem-Solving and Data Analysis,Percentages,Hard,D,3,PSAT_Math_Part3_q701-1050.pdf,285,174.4,285,305.7,285,542.5
962,614c1b5f,Problem-Solving and Data Analysis,Percentages,Easy,C,3,PSAT_Math_Part3_q701-1050.pdf,286,174.4,286,320.5,286,550.9
963,c17aedbe,Problem-Solving and Data Analysis,Probability and conditional probability,Easy,A,3,PSAT_Math_Part3_q701-1050.pdf,287,185.6,287,435.8,287,680.9
964,6e3e4278,Problem-Solving and Data Analysis,Inference from sample statistics and margin of error,Easy,B,3,PSAT_Math_Part3_q701-1050.pdf,288,185.6,288,361.3,288,650.7
965,3c4d9ad7,Problem-Solving and Data Analysis,One-variable data: Distributions and measures of center and spread,Hard,D,3,PSAT_Math_Part3_q701-1050.pdf,289,196.9,289,493.4,290,18.9
966,8f13878c,Problem-Solving and Data Analysis,Inference from sample statistics and margin of error,Hard,A,3,PSAT_Math_Part3_q701-1050.pdf,291,185.6,291,390.8,291,635.9
967,a5bc3f67,Problem-Solving and Data Analysis,"Ratios, rates, proportional relationships, and units",Medium,14.1,3,PSAT_Math_Part3_q701-1050.pdf,292,196.9,292,244.6,292,403.3
968,9cd1e599,Problem-Solving and Data Analysis,Two-variable data: Models and scatterplots,Hard,D,3,PSAT_Math_Part3_q701-1050.pdf,293,185.6,293,346.5,293,606.4
969,6a85d2ca,Problem-Solving and Data Analysis,One-variable data: Distributions and measures of center and spread,Hard,A,3,PSAT_Math_Part3_q701-1050.pdf,294,196.9,294,772.4,295,211.5
970,a61857af,Problem-Solving and Data Analysis,Two-variable data: Models and scatterplots,Easy,A,3,PSAT_Math_Part3_q701-1050.pdf,296,185.6,296,600.2,297,18.9
971,f7ad05cf,Problem-Solving and Data Analysis,"Ratios, rates, proportional relationships, and units",Easy,102,3,PSAT_Math_Part3_q701-1050.pdf,298,196.9,298,229.8,298,373.8
972,2e6e5ee3,Problem-Solving and Data Analysis,Two-variable data: Models and scatterplots,Medium,B,3,PSAT_Math_Part3_q701-1050.pdf,299,185.6,299,581.9,300,44.9
973,99801f3f,Problem-Solving and Data Analysis,One-variable data: Distributions and measures of center and spread,Hard,B,3,PSAT_Math_Part3_q701-1050.pdf,301,196.9,301,600.2,302,144.0
974,4e5389dc,Problem-Solving and Data Analysis,Probability and conditional probability,Easy,B,3,PSAT_Math_Part3_q701-1050.pdf,303,185.6,303,496.9,303,742.1
975,738856d4,Problem-Solving and Data Analysis,"Ratios, rates, proportional relationships, and units",Medium,2432,3,PSAT_Math_Part3_q701-1050.pdf,304,196.9,304,229.9,304,394.9
976,206e4916,Problem-Solving and Data Analysis,Inference from sample statistics and margin of error,Medium,B,3,PSAT_Math_Part3_q701-1050.pdf,305,185.6,305,361.3,305,680.2
977,d515af91,Problem-Solving and Data Analysis,Probability and conditional probability,Hard,"0.7, 7/10",3,PSAT_Math_Part3_q701-1050.pdf,306,185.6,306,346.5,306,513.7
978,f8bfe491,Problem-Solving and Data Analysis,Two-variable data: Models and scatterplots,Easy,C,3,PSAT_Math_Part3_q701-1050.pdf,307,185.6,307,596.7,307,812.3
979,4e15a974,Problem-Solving and Data Analysis,"Ratios, rates, proportional relationships, and units",Easy,4,3,PSAT_Math_Part3_q701-1050.pdf,308,196.9,308,244.6,308,426.5
980,289b65e7,Problem-Solving and Data Analysis,Two-variable data: Models and scatterplots,Medium,A,3,PSAT_Math_Part3_q701-1050.pdf,309,185.6,309,600.2,310,18.9
981,f73da1c2,Problem-Solving and Data Analysis,Percentages,Medium,10,3,PSAT_Math_Part3_q701-1050.pdf,311,174.4,311,222.1,311,374.5
982,d760b4fe,Problem-Solving and Data Analysis,Percentages,Easy,17,3,PSAT_Math_Part3_q701-1050.pdf,312,174.4,312,207.4,312,345.0
983,21f398ee,Problem-Solving and Data Analysis,One-variable data: Distributions and measures of center and spread,Easy,C,3,PSAT_Math_Part3_q701-1050.pdf,313,196.9,313,401.3,313,617.0
984,70763935,Problem-Solving and Data Analysis,Percentages,Easy,B,3,PSAT_Math_Part3_q701-1050.pdf,314,174.4,314,320.5,314,550.9
985,877d34aa,Problem-Solving and Data Analysis,One-variable data: Distributions and measures of center and spread,Hard,C,3,PSAT_Math_Part3_q701-1050.pdf,315,196.9,315,485.6,315,804.6
986,9d2afaa0,Problem-Solving and Data Analysis,Two-variable data: Models and scatterplots,Medium,C,3,PSAT_Math_Part3_q701-1050.pdf,316,185.6,316,600.2,317,18.9
987,b1d65b2d,Problem-Solving and Data Analysis,Percentages,Hard,".48, 12/25",3,PSAT_Math_Part3_q701-1050.pdf,318,174.4,318,201.7,318,383.7
988,d295f5ed,Problem-Solving and Data Analysis,Probability and conditional probability,Medium,".26, 13/50",3,PSAT_Math_Part3_q701-1050.pdf,319,185.6,319,227.7,319,394.9
989,8ec5cb70,Problem-Solving and Data Analysis,One-variable data: Distributions and measures of center and spread,Medium,10,3,PSAT_Math_Part3_q701-1050.pdf,320,196.9,320,259.4,320,411.8
990,d16f452e,Problem-Solving and Data Analysis,Probability and conditional probability,Hard,B,3,PSAT_Math_Part3_q701-1050.pdf,321,185.6,321,473.7,321,822.2
991,cf1cdbff,Problem-Solving and Data Analysis,Two-variable data: Models and scatterplots,Hard,A,3,PSAT_Math_Part3_q701-1050.pdf,322,185.6,322,584.7,323,18.9
992,588427e5,Problem-Solving and Data Analysis,"Ratios, rates, proportional relationships, and units",Easy,A,3,PSAT_Math_Part3_q701-1050.pdf,324,196.9,324,343.0,324,573.4
993,a24e4c19,Problem-Solving and Data Analysis,One-variable data: Distributions and measures of center and spread,Hard,A,3,PSAT_Math_Part3_q701-1050.pdf,325,196.9,325,487.0,325,820.8
994,a9fae561,Problem-Solving and Data Analysis,One-variable data: Distributions and measures of center and spread,Easy,C,3,PSAT_Math_Part3_q701-1050.pdf,326,196.9,326,550.3,326,825.0
995,a900a374,Problem-Solving and Data Analysis,Two-variable data: Models and scatterplots,Hard,A,3,PSAT_Math_Part3_q701-1050.pdf,327,185.6,327,600.2,328,18.9
996,12ee6d83,Problem-Solving and Data Analysis,"Ratios, rates, proportional relationships, and units",Hard,D,3,PSAT_Math_Part3_q701-1050.pdf,329,196.9,329,328.2,329,558.6
997,f15866f4,Problem-Solving and Data Analysis,Probability and conditional probability,Easy,B,3,PSAT_Math_Part3_q701-1050.pdf,330,185.6,330,346.5,330,576.9
998,900ac3a3,Problem-Solving and Data Analysis,One-variable data: Distributions and measures of center and spread,Hard,A,3,PSAT_Math_Part3_q701-1050.pdf,331,196.9,331,485.6,331,804.6
999,66db54cd,Problem-Solving and Data Analysis,"Ratios, rates, proportional relationships, and units",Hard,"14/3, 4.666, 4.667",3,PSAT_Math_Part3_q701-1050.pdf,332,196.9,332,224.2,332,383.0
1000,459ec83b,Problem-Solving and Data Analysis,"Ratios, rates, proportional relationships, and units",Easy,C,3,PSAT_Math_Part3_q701-1050.pdf,333,196.9,333,343.0,333,580.4
1001,88120df7,Problem-Solving and Data Analysis,Percentages,Hard,52,3,PSAT_Math_Part3_q701-1050.pdf,334,157.5,334,190.5,334,328.1
1002,82bc092c,Problem-Solving and Data Analysis,Percentages,Medium,D,3,PSAT_Math_Part3_q701-1050.pdf,335,174.4,335,320.5,335,565.7
1003,48a06fda,Problem-Solving and Data Analysis,"Ratios, rates, proportional relationships, and units",Hard,B,3,PSAT_Math_Part3_q701-1050.pdf,336,196.9,336,343.0,336,671.1
1004,0df0ed4d,Problem-Solving and Data Analysis,One-variable data: Distributions and measures of center and spread,Medium,A,3,PSAT_Math_Part3_q701-1050.pdf,337,196.9,337,653.6,338,152.5
1005,8d82c32b,Problem-Solving and Data Analysis,One-variable data: Distributions and measures of center and spread,Hard,B,3,PSAT_Math_Part3_q701-1050.pdf,339,196.9,339,548.9,340,126.5
1006,0563ce88,Problem-Solving and Data Analysis,"Ratios, rates, proportional relationships, and units",Hard,".0625, 1/16",3,PSAT_Math_Part3_q701-1050.pdf,341,196.9,341,224.2,341,406.1
1007,7aefc67c,Problem-Solving and Data Analysis,Percentages,Easy,B,3,PSAT_Math_Part3_q701-1050.pdf,342,174.4,342,305.7,342,536.2
1008,5d625c74,Problem-Solving and Data Analysis,Probability and conditional probability,Hard,B,3,PSAT_Math_Part3_q701-1050.pdf,343,185.6,343,473.7,343,807.4
1009,5b384052,Problem-Solving and Data Analysis,One-variable data: Distributions and measures of center and spread,Medium,3630,3,PSAT_Math_Part3_q701-1050.pdf,344,196.9,344,259.4,344,427.2
1010,f6571d2b,Problem-Solving and Data Analysis,Two-variable data: Models and scatterplots,Easy,40,3,PSAT_Math_Part3_q701-1050.pdf,345,185.6,345,555.2,345,722.4
1011,7495dbde,Problem-Solving and Data Analysis,One-variable data: Distributions and measures of center and spread,Easy,A,3,PSAT_Math_Part3_q701-1050.pdf,346,196.9,346,618.5,347,18.9
1012,b8d2c4c9,Problem-Solving and Data Analysis,One-variable data: Distributions and measures of center and spread,Hard,C,3,PSAT_Math_Part3_q701-1050.pdf,348,196.9,348,569.3,349,70.9
1013,8e083159,Problem-Solving and Data Analysis,"Ratios, rates, proportional relationships, and units",Easy,D,3,PSAT_Math_Part3_q701-1050.pdf,350,196.9,350,328.2,350,531.2
1014,f99fee2a,Problem-Solving and Data Analysis,One-variable data: Distributions and measures of center and spread,Easy,79,3,PSAT_Math_Part3_q701-1050.pdf,351,196.9,351,244.6,351,397.0
1015,b1f33dbf,Problem-Solving and Data Analysis,"Ratios, rates, proportional relationships, and units",Hard,1015,3,PSAT_Math_Part3_q701-1050.pdf,352,196.9,352,244.6,352,426.5
1016,07f62f7b,Problem-Solving and Data Analysis,"Ratios, rates, proportional relationships, and units",Hard,C,3,PSAT_Math_Part3_q701-1050.pdf,353,196.9,353,328.2,353,577.6
1017,65d0d66e,Problem-Solving and Data Analysis,Percentages,Hard,A,3,PSAT_Math_Part3_q701-1050.pdf,354,174.4,354,335.3,354,624.7
1018,167f9a80,Problem-Solving and Data Analysis,Percentages,Hard,.0014,3,PSAT_Math_Part3_q701-1050.pdf,355,174.4,355,236.9,355,404.0
1019,1075bb9c,Problem-Solving and Data Analysis,Two-variable data: Models and scatterplots,Easy,C,3,PSAT_Math_Part3_q701-1050.pdf,356,185.6,356,624.8,357,18.9
1020,73f42b7a,Problem-Solving and Data Analysis,One-variable data: Distributions and measures of center and spread,Easy,B,3,PSAT_Math_Part3_q701-1050.pdf,358,196.9,358,553.8,358,799.0
1021,f317ce0b,Problem-Solving and Data Analysis,Percentages,Hard,"9.87, 987/100",3,PSAT_Math_Part3_q701-1050.pdf,359,174.4,359,201.7,359,368.9
1022,aa482e9e,Problem-Solving and Data Analysis,Two-variable data: Models and scatterplots,Medium,D,3,PSAT_Math_Part3_q701-1050.pdf,360,185.6,360,590.4,361,59.7
1023,06adcfe0,Problem-Solving and Data Analysis,Probability and conditional probability,Easy,C,3,PSAT_Math_Part3_q701-1050.pdf,362,185.6,362,331.7,362,562.2
1024,297e7895,Problem-Solving and Data Analysis,Percentages,Easy,B,3,PSAT_Math_Part3_q701-1050.pdf,363,174.4,363,305.7,363,521.4
1025,b3d9da38,Problem-Solving and Data Analysis,"Ratios, rates, proportional relationships, and units",Hard,A,3,PSAT_Math_Part3_q701-1050.pdf,364,196.9,364,343.0,364,594.5
1026,a645a9e2,Problem-Solving and Data Analysis,Percentages,Hard,79,3,PSAT_Math_Part3_q701-1050.pdf,365,174.4,365,236.9,365,448.3
1027,634bde56,Problem-Solving and Data Analysis,Two-variable data: Models and scatterplots,Easy,D,3,PSAT_Math_Part3_q701-1050.pdf,366,185.6,368,-6.3,368,253.7
1028,b9f9a101,Problem-Solving and Data Analysis,Two-variable data: Models and scatterplots,Hard,6,3,PSAT_Math_Part3_q701-1050.pdf,369,185.6,369,501.8,369,654.2
1029,696c8935,Problem-Solving and Data Analysis,"Ratios, rates, proportional relationships, and units",Easy,D,3,PSAT_Math_Part3_q701-1050.pdf,370,196.9,370,328.2,370,550.2
1030,87bcd883,Problem-Solving and Data Analysis,Percentages,Hard,C,3,PSAT_Math_Part3_q701-1050.pdf,371,174.4,371,320.5,371,565.7
1031,8521e464,Problem-Solving and Data Analysis,One-variable data: Distributions and measures of center and spread,Hard,C,3,PSAT_Math_Part3_q701-1050.pdf,372,196.9,372,504.6,373,44.9
1032,7196a6b2,Problem-Solving and Data Analysis,Two-variable data: Models and scatterplots,Hard,5,3,PSAT_Math_Part3_q701-1050.pdf,374,185.6,374,472.3,374,654.9
1033,51136782,Problem-Solving and Data Analysis,Percentages,Hard,B,3,PSAT_Math_Part3_q701-1050.pdf,375,174.4,375,305.7,375,565.7
1034,5fe97124,Problem-Solving and Data Analysis,"Ratios, rates, proportional relationships, and units",Hard,A,3,PSAT_Math_Part3_q701-1050.pdf,376,196.9,376,328.2,376,565.7
1035,b85e0fb8,Problem-Solving and Data Analysis,"Ratios, rates, proportional relationships, and units",Medium,A,3,PSAT_Math_Part3_q701-1050.pdf,377,196.9,377,328.2,377,561.5
1036,0c9a623e,Problem-Solving and Data Analysis,One-variable data: Distributions and measures of center and spread,Easy,B,3,PSAT_Math_Part3_q701-1050.pdf,378,196.9,378,372.5,378,643.7
1037,ced14ecd,Problem-Solving and Data Analysis,One-variable data: Distributions and measures of center and spread,Easy,B,3,PSAT_Math_Part3_q701-1050.pdf,379,196.9,379,343.0,379,647.2
1038,4bb1ac93,Problem-Solving and Data Analysis,One-variable data: Distributions and measures of center and spread,Easy,B,3,PSAT_Math_Part3_q701-1050.pdf,380,196.9,380,585.4,380,845.4
1039,ce4fa697,Problem-Solving and Data Analysis,Probability and conditional probability,Easy,D,3,PSAT_Math_Part3_q701-1050.pdf,381,185.6,381,450.5,381,739.9
1040,a283471c,Problem-Solving and Data Analysis,Percentages,Easy,B,3,PSAT_Math_Part3_q701-1050.pdf,382,174.4,382,320.5,382,565.7
1041,00f86169,Problem-Solving and Data Analysis,"Ratios, rates, proportional relationships, and units",Hard,B,3,PSAT_Math_Part3_q701-1050.pdf,383,196.9,383,343.0,383,588.2
1042,6d5919de,Problem-Solving and Data Analysis,Probability and conditional probability,Medium,D,3,PSAT_Math_Part3_q701-1050.pdf,384,185.6,384,331.7,384,635.9
1043,6da71b2d,Problem-Solving and Data Analysis,Inference from sample statistics and margin of error,Hard,B,3,PSAT_Math_Part3_q701-1050.pdf,385,185.6,385,421.7,385,725.9
1044,8ba43cc1,Problem-Solving and Data Analysis,"Ratios, rates, proportional relationships, and units",Easy,B,3,PSAT_Math_Part3_q701-1050.pdf,386,196.9,386,328.2,386,543.9
1045,cd563f0d,Problem-Solving and Data Analysis,Two-variable data: Models and scatterplots,Medium,C,3,PSAT_Math_Part3_q701-1050.pdf,387,185.6,387,600.2,388,44.9
1046,1e261383,Problem-Solving and Data Analysis,"Ratios, rates, proportional relationships, and units",Easy,66,3,PSAT_Math_Part3_q701-1050.pdf,389,196.9,389,229.9,389,373.8
1047,e76d325a,Problem-Solving and Data Analysis,Inference from sample statistics and margin of error,Medium,B,3,PSAT_Math_Part3_q701-1050.pdf,390,185.6,390,376.0,390,665.5
1048,3626b397,Problem-Solving and Data Analysis,"Ratios, rates, proportional relationships, and units",Hard,A,3,PSAT_Math_Part3_q701-1050.pdf,391,196.9,391,343.0,391,609.2
1049,2fc22f88,Problem-Solving and Data Analysis,Percentages,Medium,A,3,PSAT_Math_Part3_q701-1050.pdf,392,174.4,392,305.7,392,550.9
1050,1047fccf,Problem-Solving and Data Analysis,Percentages,Hard,".88, 22/25",3,PSAT_Math_Part3_q701-1050.pdf,393,174.4,393,201.7,393,383.7
1051,d029366d,Problem-Solving and Data Analysis,One-variable data: Distributions and measures of center and spread,Hard,52,4,PSAT_Math_Part4_q1051-1366.pdf,1,180.0,1,257.3,1,498.2
1052,8f4f6c69,Problem-Solving and Data Analysis,One-variable data: Distributions and measures of center and spread,Hard,C,4,PSAT_Math_Part4_q1051-1366.pdf,2,196.9,2,357.7,2,663.3
1053,35fb60c1,Problem-Solving and Data Analysis,"Ratios, rates, proportional relationships, and units",Medium,980,4,PSAT_Math_Part4_q1051-1366.pdf,3,196.9,3,229.8,3,397.0
1054,1f7a4a78,Problem-Solving and Data Analysis,Probability and conditional probability,Hard,C,4,PSAT_Math_Part4_q1051-1366.pdf,4,185.6,4,346.5,4,635.9
1055,ac2871c5,Problem-Solving and Data Analysis,Percentages,Hard,B,4,PSAT_Math_Part4_q1051-1366.pdf,5,174.4,5,320.5,5,580.4
1056,bfb0396d,Problem-Solving and Data Analysis,Percentages,Medium,27,4,PSAT_Math_Part4_q1051-1366.pdf,6,174.4,6,207.4,6,345.0
1057,80d9d387,Problem-Solving and Data Analysis,Inference from sample statistics and margin of error,Medium,A,4,PSAT_Math_Part4_q1051-1366.pdf,7,185.6,7,361.3,7,606.4
1058,ab974dd3,Problem-Solving and Data Analysis,Inference from sample statistics and margin of error,Medium,A,4,PSAT_Math_Part4_q1051-1366.pdf,8,185.6,8,331.7,8,621.2
1059,8054710f,Problem-Solving and Data Analysis,Probability and conditional probability,Hard,88,4,PSAT_Math_Part4_q1051-1366.pdf,9,185.6,9,248.1,9,474.3
1060,8e6acf26,Problem-Solving and Data Analysis,"Ratios, rates, proportional relationships, and units",Hard,D,4,PSAT_Math_Part4_q1051-1366.pdf,10,196.9,10,343.0,10,588.9
1061,25a06893,Problem-Solving and Data Analysis,Two-variable data: Models and scatterplots,Medium,B,4,PSAT_Math_Part4_q1051-1366.pdf,11,185.6,11,458.9,11,718.9
1062,8f6ec805,Problem-Solving and Data Analysis,Two-variable data: Models and scatterplots,Medium,B,4,PSAT_Math_Part4_q1051-1366.pdf,12,185.6,12,600.2,13,100.5
1063,65af419a,Problem-Solving and Data Analysis,Two-variable data: Models and scatterplots,Easy,C,4,PSAT_Math_Part4_q1051-1366.pdf,14,185.6,14,600.2,15,85.7
1064,3a8ffcf3,Problem-Solving and Data Analysis,"Ratios, rates, proportional relationships, and units",Hard,24,4,PSAT_Math_Part4_q1051-1366.pdf,16,196.9,16,231.3,16,396.3
1065,8f5c6dcd,Problem-Solving and Data Analysis,"Ratios, rates, proportional relationships, and units",Easy,348,4,PSAT_Math_Part4_q1051-1366.pdf,17,196.9,17,244.6,17,382.3
1066,31511d69,Problem-Solving and Data Analysis,One-variable data: Distributions and measures of center and spread,Hard,4,4,PSAT_Math_Part4_q1051-1366.pdf,18,196.9,18,354.2,18,595.2
1067,d50aa895,Problem-Solving and Data Analysis,Two-variable data: Models and scatterplots,Medium,B,4,PSAT_Math_Part4_q1051-1366.pdf,19,185.6,19,596.7,20,18.9
1068,177bca79,Problem-Solving and Data Analysis,"Ratios, rates, proportional relationships, and units",Hard,A,4,PSAT_Math_Part4_q1051-1366.pdf,21,196.9,21,343.0,21,609.2
1069,2b2e51a9,Problem-Solving and Data Analysis,Two-variable data: Models and scatterplots,Medium,C,4,PSAT_Math_Part4_q1051-1366.pdf,22,185.6,22,530.6,22,761.0
1070,12595509,Problem-Solving and Data Analysis,"Ratios, rates, proportional relationships, and units",Hard,"157.8, 789/5",4,PSAT_Math_Part4_q1051-1366.pdf,23,196.9,23,239.0,23,406.8
1071,9764f80c,Problem-Solving and Data Analysis,"Ratios, rates, proportional relationships, and units",Easy,A,4,PSAT_Math_Part4_q1051-1366.pdf,24,196.9,24,343.0,24,560.7
1072,3654ed1c,Problem-Solving and Data Analysis,"Ratios, rates, proportional relationships, and units",Hard,B,4,PSAT_Math_Part4_q1051-1366.pdf,25,196.9,25,343.0,25,609.2
1073,9fb9a483,Problem-Solving and Data Analysis,"Ratios, rates, proportional relationships, and units",Easy,31,4,PSAT_Math_Part4_q1051-1366.pdf,26,196.9,26,229.8,26,373.8
1074,c81eba04,Problem-Solving and Data Analysis,Percentages,Easy,B,4,PSAT_Math_Part4_q1051-1366.pdf,27,174.4,27,305.7,27,521.4
1075,1a471048,Problem-Solving and Data Analysis,Percentages,Hard,D,4,PSAT_Math_Part4_q1051-1366.pdf,28,174.4,28,305.7,28,578.3
1076,931657ae,Problem-Solving and Data Analysis,Probability and conditional probability,Medium,"0.3, 3/10",4,PSAT_Math_Part4_q1051-1366.pdf,29,185.6,29,346.5,29,513.7
1077,7d72e3e6,Problem-Solving and Data Analysis,Percentages,Easy,B,4,PSAT_Math_Part4_q1051-1366.pdf,30,174.4,30,139.2,30,340.8
1078,057faaa2,Problem-Solving and Data Analysis,Percentages,Hard,D,4,PSAT_Math_Part4_q1051-1366.pdf,31,174.4,31,320.5,31,581.1
1079,4cc31f82,Problem-Solving and Data Analysis,Two-variable data: Models and scatterplots,Medium,C,4,PSAT_Math_Part4_q1051-1366.pdf,32,185.6,32,565.8,33,137.7
1080,f52c74df,Problem-Solving and Data Analysis,"Ratios, rates, proportional relationships, and units",Hard,C,4,PSAT_Math_Part4_q1051-1366.pdf,34,196.9,34,362.0,34,636.6
1081,89727eba,Problem-Solving and Data Analysis,"Ratios, rates, proportional relationships, and units",Medium,90,4,PSAT_Math_Part4_q1051-1366.pdf,35,196.9,35,229.8,35,403.3
1082,a6e5c021,Problem-Solving and Data Analysis,Two-variable data: Models and scatterplots,Easy,B,4,PSAT_Math_Part4_q1051-1366.pdf,36,185.6,36,555.9,36,786.3
1083,11d0ca85,Problem-Solving and Data Analysis,Percentages,Easy,A,4,PSAT_Math_Part4_q1051-1366.pdf,37,174.4,37,139.2,37,340.1
1084,9d9d9065,Problem-Solving and Data Analysis,Percentages,Hard,"1.8, 9/5",4,PSAT_Math_Part4_q1051-1366.pdf,38,174.4,38,231.3,38,427.9
1085,1da384a8,Problem-Solving and Data Analysis,Probability and conditional probability,Hard,".9538, 62/65",4,PSAT_Math_Part4_q1051-1366.pdf,39,185.6,39,369.7,39,669.7
1086,88842fe9,Problem-Solving and Data Analysis,One-variable data: Distributions and measures of center and spread,Easy,D,4,PSAT_Math_Part4_q1051-1366.pdf,40,196.9,40,623.4,41,18.9
1087,b20f365f,Problem-Solving and Data Analysis,Percentages,Hard,A,4,PSAT_Math_Part4_q1051-1366.pdf,42,174.4,42,335.3,42,728.0
1088,0a4927b1,Problem-Solving and Data Analysis,"Ratios, rates, proportional relationships, and units",Easy,2520,4,PSAT_Math_Part4_q1051-1366.pdf,43,196.9,43,244.6,43,388.6
1089,f0ca5e13,Problem-Solving and Data Analysis,"Ratios, rates, proportional relationships, and units",Medium,40260,4,PSAT_Math_Part4_q1051-1366.pdf,44,196.9,44,229.9,44,373.8
1090,275bc8e8,Problem-Solving and Data Analysis,Probability and conditional probability,Easy,C,4,PSAT_Math_Part4_q1051-1366.pdf,45,185.6,45,509.5,45,769.5
1091,c1832bfe,Problem-Solving and Data Analysis,Two-variable data: Models and scatterplots,Easy,C,4,PSAT_Math_Part4_q1051-1366.pdf,46,185.6,46,534.1,46,764.5
1092,3317d95c,Problem-Solving and Data Analysis,Two-variable data: Models and scatterplots,Easy,B,4,PSAT_Math_Part4_q1051-1366.pdf,47,185.6,47,482.8,47,713.2
1093,70a4d05d,Problem-Solving and Data Analysis,Percentages,Easy,D,4,PSAT_Math_Part4_q1051-1366.pdf,48,174.4,48,305.7,48,523.5
1094,3781fc55,Problem-Solving and Data Analysis,One-variable data: Distributions and measures of center and spread,Medium,D,4,PSAT_Math_Part4_q1051-1366.pdf,49,196.9,49,328.2,49,588.2
1095,76e664ae,Problem-Solving and Data Analysis,One-variable data: Distributions and measures of center and spread,Easy,6,4,PSAT_Math_Part4_q1051-1366.pdf,50,196.9,50,481.4,50,619.1
1096,60526ddc,Problem-Solving and Data Analysis,Percentages,Hard,C,4,PSAT_Math_Part4_q1051-1366.pdf,51,174.4,51,320.5,51,580.4
1097,124cbdca,Problem-Solving and Data Analysis,One-variable data: Distributions and measures of center and spread,Hard,19,4,PSAT_Math_Part4_q1051-1366.pdf,52,196.9,52,361.3,52,528.4
1098,2d68e3c3,Problem-Solving and Data Analysis,"Ratios, rates, proportional relationships, and units",Easy,9,4,PSAT_Math_Part4_q1051-1366.pdf,53,196.9,53,229.8,53,373.8
1099,9b7d2104,Problem-Solving and Data Analysis,Inference from sample statistics and margin of error,Easy,A,4,PSAT_Math_Part4_q1051-1366.pdf,54,185.6,54,361.3,54,635.9
1100,ab74cba9,Problem-Solving and Data Analysis,One-variable data: Distributions and measures of center and spread,Hard,A,4,PSAT_Math_Part4_q1051-1366.pdf,55,196.9,55,514.5,55,789.8
1101,e392a4aa,Problem-Solving and Data Analysis,Two-variable data: Models and scatterplots,Easy,A,4,PSAT_Math_Part4_q1051-1366.pdf,56,168.8,56,583.3,56,828.5
1102,a34277bd,Problem-Solving and Data Analysis,One-variable data: Distributions and measures of center and spread,Medium,B,4,PSAT_Math_Part4_q1051-1366.pdf,57,196.9,57,343.0,57,602.9
1103,673fe587,Problem-Solving and Data Analysis,Percentages,Hard,2.31,4,PSAT_Math_Part4_q1051-1366.pdf,58,174.4,58,216.5,58,398.4
1104,b24ca9e9,Problem-Solving and Data Analysis,One-variable data: Distributions and measures of center and spread,Hard,B,4,PSAT_Math_Part4_q1051-1366.pdf,59,196.9,59,357.7,59,692.2
1105,64b9b4bf,Problem-Solving and Data Analysis,Percentages,Medium,161,4,PSAT_Math_Part4_q1051-1366.pdf,60,174.4,60,207.4,60,359.8
1106,cf16b539,Problem-Solving and Data Analysis,"Ratios, rates, proportional relationships, and units",Hard,4176,4,PSAT_Math_Part4_q1051-1366.pdf,61,196.9,61,303.6,61,574.1
1107,1b483347,Problem-Solving and Data Analysis,Two-variable data: Models and scatterplots,Medium,C,4,PSAT_Math_Part4_q1051-1366.pdf,62,185.6,62,600.2,63,18.9
1108,b218d8dc,Problem-Solving and Data Analysis,One-variable data: Distributions and measures of center and spread,Easy,C,4,PSAT_Math_Part4_q1051-1366.pdf,64,196.9,64,447.0,64,736.4
1109,cd194614,Problem-Solving and Data Analysis,Probability and conditional probability,Medium,D,4,PSAT_Math_Part4_q1051-1366.pdf,65,185.6,65,346.5,65,606.4
1110,e20db239,Problem-Solving and Data Analysis,"Ratios, rates, proportional relationships, and units",Medium,D,4,PSAT_Math_Part4_q1051-1366.pdf,66,196.9,66,328.2,66,550.2
1111,41eb05a0,Problem-Solving and Data Analysis,Inference from sample statistics and margin of error,Hard,C,4,PSAT_Math_Part4_q1051-1366.pdf,67,185.6,67,361.3,67,680.2
1112,5bcefcbe,Problem-Solving and Data Analysis,"Ratios, rates, proportional relationships, and units",Easy,C,4,PSAT_Math_Part4_q1051-1366.pdf,68,196.9,68,328.2,68,550.2
1113,46e38539,Problem-Solving and Data Analysis,Percentages,Easy,240,4,PSAT_Math_Part4_q1051-1366.pdf,69,174.4,69,207.4,69,345.0
1114,3c0867f9,Problem-Solving and Data Analysis,Two-variable data: Models and scatterplots,Easy,C,4,PSAT_Math_Part4_q1051-1366.pdf,70,185.6,70,613.5,70,829.2
1115,f2d2782c,Problem-Solving and Data Analysis,One-variable data: Distributions and measures of center and spread,Easy,B,4,PSAT_Math_Part4_q1051-1366.pdf,71,196.9,71,473.0,71,703.4
1116,6a29e4b6,Problem-Solving and Data Analysis,Percentages,Easy,A,4,PSAT_Math_Part4_q1051-1366.pdf,72,174.4,72,305.7,72,521.4
1117,304e91b7,Problem-Solving and Data Analysis,Two-variable data: Models and scatterplots,Medium,C,4,PSAT_Math_Part4_q1051-1366.pdf,73,185.6,73,530.6,73,746.3
1118,182fa115,Problem-Solving and Data Analysis,One-variable data: Distributions and measures of center and spread,Medium,B,4,PSAT_Math_Part4_q1051-1366.pdf,74,196.9,74,343.0,74,573.4
1119,bd38029d,Problem-Solving and Data Analysis,Percentages,Hard,".54, 27/50",4,PSAT_Math_Part4_q1051-1366.pdf,75,174.4,75,201.7,75,383.7
1120,5dea66f2,Problem-Solving and Data Analysis,One-variable data: Distributions and measures of center and spread,Easy,B,4,PSAT_Math_Part4_q1051-1366.pdf,76,196.9,76,681.0,77,96.9
1121,36e94dbb,Problem-Solving and Data Analysis,Two-variable data: Models and scatterplots,Medium,B,4,PSAT_Math_Part4_q1051-1366.pdf,78,185.6,78,331.7,78,576.9
1122,f96ee12b,Problem-Solving and Data Analysis,Two-variable data: Models and scatterplots,Hard,"4.5, 9/2",4,PSAT_Math_Part4_q1051-1366.pdf,79,185.6,79,530.6,79,772.3
1123,47be3162,Problem-Solving and Data Analysis,"Ratios, rates, proportional relationships, and units",Easy,39000,4,PSAT_Math_Part4_q1051-1366.pdf,80,196.9,80,229.9,80,388.6
1124,68547ecc,Problem-Solving and Data Analysis,Two-variable data: Models and scatterplots,Medium,B,4,PSAT_Math_Part4_q1051-1366.pdf,81,185.6,81,600.2,82,18.9
1125,70bf7e21,Problem-Solving and Data Analysis,Percentages,Hard,D,4,PSAT_Math_Part4_q1051-1366.pdf,83,174.4,83,320.5,83,595.2
1126,e6f6cf0d,Problem-Solving and Data Analysis,One-variable data: Distributions and measures of center and spread,Hard,B,4,PSAT_Math_Part4_q1051-1366.pdf,84,196.9,84,521.5,84,796.2
1127,3ce69ff2,Problem-Solving and Data Analysis,Probability and conditional probability,Easy,B,4,PSAT_Math_Part4_q1051-1366.pdf,85,185.6,85,331.7,85,562.2
1128,84ddc307,Problem-Solving and Data Analysis,Percentages,Hard,"4.05, 81/20",4,PSAT_Math_Part4_q1051-1366.pdf,86,174.4,86,231.3,86,427.9
1129,e8aa0765,Problem-Solving and Data Analysis,One-variable data: Distributions and measures of center and spread,Medium,A,4,PSAT_Math_Part4_q1051-1366.pdf,87,196.9,87,522.9,87,768.1
1130,c8a2954a,Problem-Solving and Data Analysis,Percentages,Hard,"189/4, 47.25",4,PSAT_Math_Part4_q1051-1366.pdf,88,174.4,88,201.7,88,368.9
1131,b1e2590f,Problem-Solving and Data Analysis,Percentages,Medium,450,4,PSAT_Math_Part4_q1051-1366.pdf,89,174.4,89,207.4,89,345.0
1132,a5c1f801,Problem-Solving and Data Analysis,Inference from sample statistics and margin of error,Medium,A,4,PSAT_Math_Part4_q1051-1366.pdf,90,185.6,90,361.3,90,665.5
1133,7af63c22,Problem-Solving and Data Analysis,"Ratios, rates, proportional relationships, and units",Hard,A,4,PSAT_Math_Part4_q1051-1366.pdf,91,196.9,91,343.0,91,588.9
1134,95522e4d,Problem-Solving and Data Analysis,Percentages,Hard,184,4,PSAT_Math_Part4_q1051-1366.pdf,92,174.4,92,366.9,92,534.0
1135,cd21510c,Problem-Solving and Data Analysis,Percentages,Hard,60000,4,PSAT_Math_Part4_q1051-1366.pdf,93,174.4,93,216.5,93,413.2
1136,ea939862,Problem-Solving and Data Analysis,Two-variable data: Models and scatterplots,Medium,C,4,PSAT_Math_Part4_q1051-1366.pdf,94,185.6,94,600.2,94,845.4
1137,aa798de4,Problem-Solving and Data Analysis,Probability and conditional probability,Easy,D,4,PSAT_Math_Part4_q1051-1366.pdf,95,185.6,95,435.7,95,680.9
1138,95c6c2a2,Problem-Solving and Data Analysis,Percentages,Medium,B,4,PSAT_Math_Part4_q1051-1366.pdf,96,174.4,96,320.5,96,580.4
1139,579ff7ac,Problem-Solving and Data Analysis,Percentages,Hard,C,4,PSAT_Math_Part4_q1051-1366.pdf,97,174.4,97,335.3,97,609.9
1140,de34ffaa,Problem-Solving and Data Analysis,One-variable data: Distributions and measures of center and spread,Easy,40,4,PSAT_Math_Part4_q1051-1366.pdf,98,196.9,98,430.1,98,567.8
1141,c963a231,Problem-Solving and Data Analysis,"Ratios, rates, proportional relationships, and units",Medium,73920,4,PSAT_Math_Part4_q1051-1366.pdf,99,196.9,99,229.9,99,373.8
1142,9dcc971f,Problem-Solving and Data Analysis,"Ratios, rates, proportional relationships, and units",Easy,C,4,PSAT_Math_Part4_q1051-1366.pdf,100,196.9,100,343.0,100,558.6
1143,6d36fc79,Problem-Solving and Data Analysis,"Ratios, rates, proportional relationships, and units",Easy,180,4,PSAT_Math_Part4_q1051-1366.pdf,101,196.9,101,244.6,101,452.5
1144,f10a805e,Problem-Solving and Data Analysis,Two-variable data: Models and scatterplots,Medium,D,4,PSAT_Math_Part4_q1051-1366.pdf,102,185.6,102,600.2,103,44.9
1145,90a442f6,Geometry and Trigonometry,Right triangles and trigonometry,Hard,C,4,PSAT_Math_Part4_q1051-1366.pdf,104,174.4,104,306.4,104,638.1
1146,36fa8c3a,Geometry and Trigonometry,Area and volume,Easy,C,4,PSAT_Math_Part4_q1051-1366.pdf,105,174.4,105,434.3,105,679.5
1147,a889e145,Geometry and Trigonometry,Area and volume,Easy,C,4,PSAT_Math_Part4_q1051-1366.pdf,106,174.4,106,305.7,106,536.2
1148,f707da8d,Geometry and Trigonometry,"Lines, angles, and triangles",Hard,A,4,PSAT_Math_Part4_q1051-1366.pdf,107,174.4,107,335.3,107,639.5
1149,9a9f8e6a,Geometry and Trigonometry,"Lines, angles, and triangles",Easy,D,4,PSAT_Math_Part4_q1051-1366.pdf,108,174.4,108,515.2,108,775.1
1150,ec5df4b7,Geometry and Trigonometry,"Lines, angles, and triangles",Hard,D,4,PSAT_Math_Part4_q1051-1366.pdf,109,174.4,109,320.5,109,683.7
1151,b1f4ff0c,Geometry and Trigonometry,"Lines, angles, and triangles",Medium,B,4,PSAT_Math_Part4_q1051-1366.pdf,110,157.5,110,303.6,110,534.0
1152,959b5c59,Geometry and Trigonometry,Area and volume,Medium,880,4,PSAT_Math_Part4_q1051-1366.pdf,111,174.4,111,216.5,111,383.7
1153,12001820,Geometry and Trigonometry,Right triangles and trigonometry,Hard,"284/3, 94.66, 94.67",4,PSAT_Math_Part4_q1051-1366.pdf,112,174.4,112,222.8,112,468.0
1154,b7e6ffc2,Geometry and Trigonometry,Area and volume,Hard,A,4,PSAT_Math_Part4_q1051-1366.pdf,113,174.4,113,335.3,113,582.5
1155,1aa2b038,Geometry and Trigonometry,Area and volume,Medium,A,4,PSAT_Math_Part4_q1051-1366.pdf,114,174.4,114,320.5,114,595.2
1156,35efc692,Geometry and Trigonometry,Right triangles and trigonometry,Hard,B,4,PSAT_Math_Part4_q1051-1366.pdf,115,174.4,115,321.2,115,638.8
1157,162d2e92,Geometry and Trigonometry,Area and volume,Easy,D,4,PSAT_Math_Part4_q1051-1366.pdf,116,174.4,116,320.5,116,536.2
1158,a2c8a744,Geometry and Trigonometry,"Lines, angles, and triangles",Medium,C,4,PSAT_Math_Part4_q1051-1366.pdf,117,174.4,117,509.5,117,799.0
1159,57616839,Geometry and Trigonometry,Right triangles and trigonometry,Hard,B,4,PSAT_Math_Part4_q1051-1366.pdf,118,174.4,118,321.2,118,679.5
1160,bd9f0496,Geometry and Trigonometry,"Lines, angles, and triangles",Hard,B,4,PSAT_Math_Part4_q1051-1366.pdf,119,174.4,119,567.2,120,70.9
1161,c8131bca,Geometry and Trigonometry,Area and volume,Medium,A,4,PSAT_Math_Part4_q1051-1366.pdf,121,174.4,121,513.1,121,758.2
1162,f1d15e84,Geometry and Trigonometry,"Lines, angles, and triangles",Hard,A,4,PSAT_Math_Part4_q1051-1366.pdf,122,174.4,122,320.5,122,609.9
1163,3b22a4a0,Geometry and Trigonometry,Area and volume,Medium,B,4,PSAT_Math_Part4_q1051-1366.pdf,123,174.4,123,320.5,123,565.7
1164,995a6673,Geometry and Trigonometry,Area and volume,Hard,66,4,PSAT_Math_Part4_q1051-1366.pdf,124,174.4,124,222.1,124,404.7
1165,2935ddfa,Geometry and Trigonometry,Right triangles and trigonometry,Medium,B,4,PSAT_Math_Part4_q1051-1366.pdf,125,174.4,125,513.1,125,773.0
1166,52e433bb,Geometry and Trigonometry,"Lines, angles, and triangles",Medium,63,4,PSAT_Math_Part4_q1051-1366.pdf,126,174.4,126,216.5,126,413.2
1167,ca3863dc,Geometry and Trigonometry,"Lines, angles, and triangles",Easy,D,4,PSAT_Math_Part4_q1051-1366.pdf,127,174.4,127,515.2,127,775.1
1168,49dceeb4,Geometry and Trigonometry,"Lines, angles, and triangles",Easy,D,4,PSAT_Math_Part4_q1051-1366.pdf,128,174.4,128,518.0,128,748.4
1169,6e1ab4a5,Geometry and Trigonometry,Area and volume,Hard,36504,4,PSAT_Math_Part4_q1051-1366.pdf,129,174.4,129,207.4,129,404.0
1170,44ab70ec,Geometry and Trigonometry,Area and volume,Medium,B,4,PSAT_Math_Part4_q1051-1366.pdf,130,174.4,130,320.5,130,595.2
1171,8d6e840e,Geometry and Trigonometry,Right triangles and trigonometry,Medium,B,4,PSAT_Math_Part4_q1051-1366.pdf,131,174.4,131,320.5,131,581.8
1172,f4bbb880,Geometry and Trigonometry,"Lines, angles, and triangles",Hard,123,4,PSAT_Math_Part4_q1051-1366.pdf,132,174.4,132,400.6,132,656.3
1173,34a7512e,Geometry and Trigonometry,Right triangles and trigonometry,Hard,C,4,PSAT_Math_Part4_q1051-1366.pdf,133,174.4,133,305.7,133,551.6
1174,fb70c83e,Geometry and Trigonometry,Right triangles and trigonometry,Medium,C,4,PSAT_Math_Part4_q1051-1366.pdf,134,174.4,134,320.5,134,595.2
1175,f0284dd1,Geometry and Trigonometry,"Lines, angles, and triangles",Medium,D,4,PSAT_Math_Part4_q1051-1366.pdf,135,174.4,135,321.2,135,581.8
1176,87bce857,Geometry and Trigonometry,Right triangles and trigonometry,Medium,A,4,PSAT_Math_Part4_q1051-1366.pdf,136,174.4,136,514.5,136,779.3
1177,45f4c00c,Geometry and Trigonometry,Area and volume,Easy,D,4,PSAT_Math_Part4_q1051-1366.pdf,137,174.4,137,305.7,137,550.9
1178,e7f986ab,Geometry and Trigonometry,"Lines, angles, and triangles",Medium,A,4,PSAT_Math_Part4_q1051-1366.pdf,138,174.4,138,569.3,138,843.9
1179,17332082,Geometry and Trigonometry,"Lines, angles, and triangles",Hard,D,4,PSAT_Math_Part4_q1051-1366.pdf,139,174.4,139,322.6,139,614.2
1180,55c9a02c,Geometry and Trigonometry,Area and volume,Hard,8,4,PSAT_Math_Part4_q1051-1366.pdf,140,174.4,140,470.2,140,666.9
1181,e85d3221,Geometry and Trigonometry,"Lines, angles, and triangles",Hard,B,4,PSAT_Math_Part4_q1051-1366.pdf,141,174.4,141,335.3,141,580.4
1182,3d8c0156,Geometry and Trigonometry,Area and volume,Hard,D,4,PSAT_Math_Part4_q1051-1366.pdf,142,174.4,142,401.3,142,705.5
1183,5460398e,Geometry and Trigonometry,"Lines, angles, and triangles",Medium,B,4,PSAT_Math_Part4_q1051-1366.pdf,143,174.4,143,320.5,143,609.9
1184,ca118f8a,Geometry and Trigonometry,Area and volume,Medium,D,4,PSAT_Math_Part4_q1051-1366.pdf,144,174.4,144,320.5,144,595.9
1185,8a0648de,Geometry and Trigonometry,"Lines, angles, and triangles",Medium,A,4,PSAT_Math_Part4_q1051-1366.pdf,145,174.4,145,305.7,145,550.9
1186,b458eea8,Geometry and Trigonometry,Area and volume,Medium,"7.5, 15/2",4,PSAT_Math_Part4_q1051-1366.pdf,146,174.4,146,409.0,146,591.0
1187,8c12e4da,Geometry and Trigonometry,"Lines, angles, and triangles",Medium,D,4,PSAT_Math_Part4_q1051-1366.pdf,147,174.4,147,305.7,147,536.2
1188,c1ed0c96,Geometry and Trigonometry,Area and volume,Hard,D,4,PSAT_Math_Part4_q1051-1366.pdf,148,174.4,148,320.5,148,669.0
1189,88475d5e,Geometry and Trigonometry,"Lines, angles, and triangles",Hard,480,4,PSAT_Math_Part4_q1051-1366.pdf,149,174.4,149,421.0,149,763.1
1190,0f0355a9,Geometry and Trigonometry,Right triangles and trigonometry,Easy,A,4,PSAT_Math_Part4_q1051-1366.pdf,150,174.4,150,320.5,150,595.2
1191,dfeef4a1,Geometry and Trigonometry,Area and volume,Medium,A,4,PSAT_Math_Part4_q1051-1366.pdf,151,174.4,151,456.8,151,733.6
1192,4803dc51,Geometry and Trigonometry,"Lines, angles, and triangles",Hard,C,4,PSAT_Math_Part4_q1051-1366.pdf,152,174.4,152,320.5,152,595.2
1193,d7260964,Geometry and Trigonometry,Area and volume,Hard,31,4,PSAT_Math_Part4_q1051-1366.pdf,153,174.4,153,207.4,153,374.5
1194,42fab20a,Geometry and Trigonometry,Area and volume,Hard,4205,4,PSAT_Math_Part4_q1051-1366.pdf,154,174.4,154,222.1,154,418.8
1195,b57ba22f,Geometry and Trigonometry,Area and volume,Hard,"24.5, 49/2",4,PSAT_Math_Part4_q1051-1366.pdf,155,174.4,155,466.7,156,59.7
1196,b43dc59a,Geometry and Trigonometry,Right triangles and trigonometry,Medium,C,4,PSAT_Math_Part4_q1051-1366.pdf,157,174.4,157,513.0,157,743.5
1197,c3565327,Geometry and Trigonometry,Area and volume,Medium,D,4,PSAT_Math_Part4_q1051-1366.pdf,158,174.4,158,305.7,158,536.2
1198,7e881644,Geometry and Trigonometry,Right triangles and trigonometry,Hard,C,4,PSAT_Math_Part4_q1051-1366.pdf,159,174.4,159,516.6,159,839.7
1199,bc0df5a6,Geometry and Trigonometry,"Lines, angles, and triangles",Medium,A,4,PSAT_Math_Part4_q1051-1366.pdf,160,174.4,160,320.5,160,580.4
1200,5226980b,Geometry and Trigonometry,"Lines, angles, and triangles",Easy,A,4,PSAT_Math_Part4_q1051-1366.pdf,161,174.4,161,305.7,161,536.2
1201,7a12d469,Geometry and Trigonometry,"Lines, angles, and triangles",Medium,B,4,PSAT_Math_Part4_q1051-1366.pdf,162,157.5,162,440.7,162,759.6
1202,b75ae100,Geometry and Trigonometry,Right triangles and trigonometry,Hard,D,4,PSAT_Math_Part4_q1051-1366.pdf,163,174.4,163,516.6,163,813.7
1203,a298a9b6,Geometry and Trigonometry,Area and volume,Medium,D,4,PSAT_Math_Part4_q1051-1366.pdf,164,174.4,164,320.5,164,595.2
1204,3ee76077,Geometry and Trigonometry,Area and volume,Hard,D,4,PSAT_Math_Part4_q1051-1366.pdf,165,174.4,165,320.5,165,566.4
1205,93f7842a,Geometry and Trigonometry,Right triangles and trigonometry,Hard,104,4,PSAT_Math_Part4_q1051-1366.pdf,166,174.4,166,222.8,166,450.4
1206,f49534f6,Geometry and Trigonometry,"Lines, angles, and triangles",Hard,A,4,PSAT_Math_Part4_q1051-1366.pdf,167,174.4,167,527.8,167,787.7
1207,15709a24,Geometry and Trigonometry,Area and volume,Medium,1800,4,PSAT_Math_Part4_q1051-1366.pdf,168,174.4,168,222.1,168,389.3
1208,5789afdb,Geometry and Trigonometry,"Lines, angles, and triangles",Hard,"101/2, 50.5",4,PSAT_Math_Part4_q1051-1366.pdf,169,174.4,169,418.2,169,688.6
1209,c7efd1cd,Geometry and Trigonometry,"Lines, angles, and triangles",Hard,54,4,PSAT_Math_Part4_q1051-1366.pdf,170,174.4,170,466.7,170,751.9
1210,cc069d95,Geometry and Trigonometry,"Lines, angles, and triangles",Easy,B,4,PSAT_Math_Part4_q1051-1366.pdf,171,174.4,171,569.3,171,799.7
1211,fd1a9b2e,Geometry and Trigonometry,Area and volume,Medium,C,4,PSAT_Math_Part4_q1051-1366.pdf,172,174.4,172,320.5,172,641.6
1212,64ffeb74,Geometry and Trigonometry,"Lines, angles, and triangles",Hard,C,4,PSAT_Math_Part4_q1051-1366.pdf,173,174.4,173,503.9,173,799.0
1213,1f041079,Geometry and Trigonometry,Area and volume,Hard,B,4,PSAT_Math_Part4_q1051-1366.pdf,174,174.4,174,335.3,174,628.9
1214,a954e998,Geometry and Trigonometry,Right triangles and trigonometry,Hard,12,4,PSAT_Math_Part4_q1051-1366.pdf,175,174.4,175,222.8,175,460.3
1215,02402514,Geometry and Trigonometry,Right triangles and trigonometry,Medium,B,4,PSAT_Math_Part4_q1051-1366.pdf,176,174.4,176,320.5,176,581.8
1216,470626ec,Geometry and Trigonometry,Area and volume,Hard,A,4,PSAT_Math_Part4_q1051-1366.pdf,177,174.4,177,335.3,177,610.6
1217,7af120f8,Geometry and Trigonometry,Right triangles and trigonometry,Medium,C,4,PSAT_Math_Part4_q1051-1366.pdf,178,174.4,178,513.1,178,758.2
1218,b30fc018,Geometry and Trigonometry,Right triangles and trigonometry,Hard,B,4,PSAT_Math_Part4_q1051-1366.pdf,179,174.4,179,321.2,179,669.7
1219,1abbf457,Geometry and Trigonometry,"Lines, angles, and triangles",Easy,D,4,PSAT_Math_Part4_q1051-1366.pdf,180,174.4,180,469.5,180,699.9
1220,02bed84d,Geometry and Trigonometry,Area and volume,Easy,2048,4,PSAT_Math_Part4_q1051-1366.pdf,181,174.4,181,207.4,181,374.5
1221,30c6df13,Geometry and Trigonometry,Area and volume,Medium,D,4,PSAT_Math_Part4_q1051-1366.pdf,182,174.4,182,305.7,182,536.9
1222,437a6f56,Geometry and Trigonometry,"Lines, angles, and triangles",Hard,54,4,PSAT_Math_Part4_q1051-1366.pdf,183,174.4,183,222.1,183,492.6
1223,75f5f9f2,Geometry and Trigonometry,Right triangles and trigonometry,Easy,D,4,PSAT_Math_Part4_q1051-1366.pdf,184,174.4,184,513.0,184,774.4
1224,f925fa23,Geometry and Trigonometry,Area and volume,Medium,A,4,PSAT_Math_Part4_q1051-1366.pdf,185,174.4,185,320.5,185,566.4
1225,cd856d61,Geometry and Trigonometry,Area and volume,Hard,D,4,PSAT_Math_Part4_q1051-1366.pdf,186,174.4,186,305.7,186,551.6
1226,a46e712c,Geometry and Trigonometry,"Lines, angles, and triangles",Easy,175,4,PSAT_Math_Part4_q1051-1366.pdf,187,174.4,187,467.4,187,634.5
1227,32b09ce9,Geometry and Trigonometry,Area and volume,Easy,B,4,PSAT_Math_Part4_q1051-1366.pdf,188,174.4,188,320.5,188,624.7
1228,036097b4,Geometry and Trigonometry,Right triangles and trigonometry,Hard,B,4,PSAT_Math_Part4_q1051-1366.pdf,189,174.4,189,306.4,189,677.4
1229,8f0aff11,Geometry and Trigonometry,"Lines, angles, and triangles",Medium,D,4,PSAT_Math_Part4_q1051-1366.pdf,190,174.4,190,554.5,190,770.2
1230,8001a32f,Geometry and Trigonometry,Area and volume,Hard,2216,4,PSAT_Math_Part4_q1051-1366.pdf,191,174.4,191,222.1,191,404.0
1231,6b0992d8,Geometry and Trigonometry,Right triangles and trigonometry,Medium,A,4,PSAT_Math_Part4_q1051-1366.pdf,192,174.4,192,513.1,192,743.5
1232,d42965a0,Geometry and Trigonometry,Right triangles and trigonometry,Hard,A,4,PSAT_Math_Part4_q1051-1366.pdf,193,174.4,193,320.5,193,609.9
1233,c021ed5c,Geometry and Trigonometry,Area and volume,Hard,12,4,PSAT_Math_Part4_q1051-1366.pdf,194,174.4,194,222.1,194,418.8
1234,cd81e894,Geometry and Trigonometry,Area and volume,Easy,180,4,PSAT_Math_Part4_q1051-1366.pdf,195,174.4,195,207.4,195,359.8
1235,a4c8c496,Geometry and Trigonometry,Area and volume,Easy,C,4,PSAT_Math_Part4_q1051-1366.pdf,196,174.4,196,305.7,196,521.4
1236,761b22d4,Geometry and Trigonometry,"Lines, angles, and triangles",Medium,B,4,PSAT_Math_Part4_q1051-1366.pdf,197,174.4,197,482.1,197,728.0
1237,173cd9a9,Geometry and Trigonometry,Area and volume,Hard,"2592/5, 518.4",4,PSAT_Math_Part4_q1051-1366.pdf,198,174.4,198,216.5,198,487.0
1238,9e84779f,Geometry and Trigonometry,"Lines, angles, and triangles",Medium,C,4,PSAT_Math_Part4_q1051-1366.pdf,199,174.4,199,320.5,199,550.9
1239,327679a4,Geometry and Trigonometry,Area and volume,Hard,A,4,PSAT_Math_Part4_q1051-1366.pdf,200,174.4,200,323.3,200,722.4
1240,b1328025,Geometry and Trigonometry,Right triangles and trigonometry,Medium,C,4,PSAT_Math_Part4_q1051-1366.pdf,201,174.4,201,513.0,201,773.7
1241,0770ad58,Geometry and Trigonometry,"Lines, angles, and triangles",Easy,D,4,PSAT_Math_Part4_q1051-1366.pdf,202,174.4,202,435.0,202,721.0
1242,40780ef3,Geometry and Trigonometry,Right triangles and trigonometry,Hard,66,4,PSAT_Math_Part4_q1051-1366.pdf,203,174.4,203,237.6,203,574.8
1243,edaa921d,Geometry and Trigonometry,Area and volume,Medium,B,4,PSAT_Math_Part4_q1051-1366.pdf,204,174.4,204,320.5,204,565.7
1244,fd643f08,Geometry and Trigonometry,"Lines, angles, and triangles",Hard,83,4,PSAT_Math_Part4_q1051-1366.pdf,205,174.4,205,421.0,205,661.9
1245,a315fc1a,Geometry and Trigonometry,Area and volume,Hard,14,4,PSAT_Math_Part4_q1051-1366.pdf,206,174.4,206,216.5,206,413.2
1246,af7c7a66,Geometry and Trigonometry,"Lines, angles, and triangles",Easy,B,4,PSAT_Math_Part4_q1051-1366.pdf,207,174.4,207,446.3,207,661.9
1247,c21cfdfe,Geometry and Trigonometry,"Lines, angles, and triangles",Hard,C,4,PSAT_Math_Part4_q1051-1366.pdf,208,174.4,208,320.5,208,639.5
1248,42a07493,Geometry and Trigonometry,Area and volume,Hard,C,4,PSAT_Math_Part4_q1051-1366.pdf,209,174.4,209,335.3,209,609.9
1249,ad5516fd,Geometry and Trigonometry,"Lines, angles, and triangles",Medium,A,4,PSAT_Math_Part4_q1051-1366.pdf,210,174.4,210,305.7,210,580.4
1250,d15d0186,Geometry and Trigonometry,"Lines, angles, and triangles",Hard,A,4,PSAT_Math_Part4_q1051-1366.pdf,211,174.4,211,482.1,211,776.5
1251,e03c8917,Geometry and Trigonometry,Area and volume,Hard,D,4,PSAT_Math_Part4_q1051-1366.pdf,212,157.5,212,303.6,212,681.6
1252,f3cfbc3e,Geometry and Trigonometry,Area and volume,Medium,C,4,PSAT_Math_Part4_q1051-1366.pdf,213,174.4,213,305.7,213,581.1
1253,34bc22bf,Geometry and Trigonometry,"Lines, angles, and triangles",Hard,C,4,PSAT_Math_Part4_q1051-1366.pdf,214,174.4,214,320.5,214,550.9
1254,7ad836d0,Geometry and Trigonometry,"Lines, angles, and triangles",Hard,C,4,PSAT_Math_Part4_q1051-1366.pdf,215,174.4,215,335.3,215,624.7
1255,a19b04bc,Geometry and Trigonometry,Area and volume,Easy,D,4,PSAT_Math_Part4_q1051-1366.pdf,216,174.4,216,320.5,216,565.7
1256,e5c37ef9,Geometry and Trigonometry,"Lines, angles, and triangles",Hard,D,4,PSAT_Math_Part4_q1051-1366.pdf,217,174.4,217,543.3,218,18.9
1257,b4029e85,Geometry and Trigonometry,"Lines, angles, and triangles",Hard,57,4,PSAT_Math_Part4_q1051-1366.pdf,219,174.4,219,414.0,219,610.6
1258,a85da65c,Geometry and Trigonometry,Area and volume,Hard,D,4,PSAT_Math_Part4_q1051-1366.pdf,220,174.4,220,320.5,220,611.3
1259,7a589426,Geometry and Trigonometry,Right triangles and trigonometry,Easy,C,4,PSAT_Math_Part4_q1051-1366.pdf,221,174.4,221,513.1,221,773.0
1260,3b3a2841,Geometry and Trigonometry,"Lines, angles, and triangles",Hard,153,4,PSAT_Math_Part4_q1051-1366.pdf,222,174.4,222,222.8,222,375.9
1261,4e57ee40,Geometry and Trigonometry,"Lines, angles, and triangles",Easy,A,4,PSAT_Math_Part4_q1051-1366.pdf,223,174.4,223,458.9,223,674.6
1262,a685dfbb,Geometry and Trigonometry,Right triangles and trigonometry,Hard,C,4,PSAT_Math_Part4_q1051-1366.pdf,224,174.4,224,306.4,224,612.0
1263,2f004f77,Geometry and Trigonometry,Area and volume,Medium,29,4,PSAT_Math_Part4_q1051-1366.pdf,225,174.4,225,222.1,225,418.8
1264,fcf5cbea,Geometry and Trigonometry,"Lines, angles, and triangles",Medium,84,4,PSAT_Math_Part4_q1051-1366.pdf,226,174.4,226,222.1,226,374.5
1265,51a28608,Geometry and Trigonometry,"Lines, angles, and triangles",Medium,B,4,PSAT_Math_Part4_q1051-1366.pdf,227,174.4,227,320.5,227,550.9
1266,d8114972,Geometry and Trigonometry,Area and volume,Easy,B,4,PSAT_Math_Part4_q1051-1366.pdf,228,174.4,228,320.5,228,580.4
1267,3423c8cb,Geometry and Trigonometry,"Lines, angles, and triangles",Easy,D,4,PSAT_Math_Part4_q1051-1366.pdf,229,174.4,229,518.0,229,763.1
1268,716f5a56,Geometry and Trigonometry,Right triangles and trigonometry,Hard,338,4,PSAT_Math_Part4_q1051-1366.pdf,230,174.4,230,222.1,230,465.9
1269,9df10dea,Geometry and Trigonometry,Area and volume,Hard,"4.41, 441/100",4,PSAT_Math_Part4_q1051-1366.pdf,231,174.4,231,207.4,231,374.5
1270,58a83077,Geometry and Trigonometry,Area and volume,Medium,B,4,PSAT_Math_Part4_q1051-1366.pdf,232,174.4,232,466.7,232,745.6
1271,814903d3,Geometry and Trigonometry,Area and volume,Hard,126,4,PSAT_Math_Part4_q1051-1366.pdf,233,174.4,233,216.5,233,398.4
1272,b9c52ff0,Geometry and Trigonometry,Area and volume,Hard,B,4,PSAT_Math_Part4_q1051-1366.pdf,234,174.4,234,306.4,234,588.9
1273,f0333710,Geometry and Trigonometry,Right triangles and trigonometry,Hard,".6956, .6957, 16/23",4,PSAT_Math_Part4_q1051-1366.pdf,235,174.4,235,409.0,235,576.2
1274,a375d8c4,Geometry and Trigonometry,Area and volume,Medium,D,4,PSAT_Math_Part4_q1051-1366.pdf,236,174.4,236,320.5,236,566.4
1275,865680fb,Geometry and Trigonometry,Area and volume,Hard,B,4,PSAT_Math_Part4_q1051-1366.pdf,237,174.4,237,335.3,237,742.8
1276,26bf11b7,Geometry and Trigonometry,"Lines, angles, and triangles",Medium,B,4,PSAT_Math_Part4_q1051-1366.pdf,238,174.4,238,305.7,238,550.9
1277,948e6696,Geometry and Trigonometry,"Lines, angles, and triangles",Hard,A,4,PSAT_Math_Part4_q1051-1366.pdf,239,174.4,239,485.6,239,782.1
1278,5d1eb251,Geometry and Trigonometry,Area and volume,Easy,A,4,PSAT_Math_Part4_q1051-1366.pdf,240,174.4,240,492.0,240,751.9
1279,3f6e0eb2,Geometry and Trigonometry,Right triangles and trigonometry,Hard,".3928, .3929, 11/28",4,PSAT_Math_Part4_q1051-1366.pdf,241,174.4,241,409.0,241,576.2
1280,e101f1a1,Geometry and Trigonometry,Area and volume,Hard,50,4,PSAT_Math_Part4_q1051-1366.pdf,242,174.4,242,448.4,242,681.6
1281,a18f7911,Geometry and Trigonometry,"Lines, angles, and triangles",Medium,C,4,PSAT_Math_Part4_q1051-1366.pdf,243,174.4,243,532.7,243,807.4
1282,f9ae3b99,Geometry and Trigonometry,"Lines, angles, and triangles",Easy,47,4,PSAT_Math_Part4_q1051-1366.pdf,244,174.4,244,414.0,244,566.4
1283,22c99ca6,Geometry and Trigonometry,Right triangles and trigonometry,Medium,45,4,PSAT_Math_Part4_q1051-1366.pdf,245,174.4,245,409.0,245,561.5
1284,dbb36b07,Geometry and Trigonometry,Area and volume,Easy,D,4,PSAT_Math_Part4_q1051-1366.pdf,246,174.4,246,305.7,246,550.9
1285,e02054c8,Geometry and Trigonometry,Area and volume,Hard,594,4,PSAT_Math_Part4_q1051-1366.pdf,247,174.4,247,216.5,247,404.7
1286,00181f03,Geometry and Trigonometry,Right triangles and trigonometry,Hard,C,4,PSAT_Math_Part4_q1051-1366.pdf,248,174.4,248,305.7,248,652.1
1287,3e9cd2c6,Geometry and Trigonometry,Area and volume,Medium,C,4,PSAT_Math_Part4_q1051-1366.pdf,249,174.4,249,320.5,249,565.7
1288,61255a55,Geometry and Trigonometry,Right triangles and trigonometry,Medium,565,4,PSAT_Math_Part4_q1051-1366.pdf,250,174.4,250,409.0,250,591.0
1289,4f536598,Geometry and Trigonometry,Area and volume,Easy,B,4,PSAT_Math_Part4_q1051-1366.pdf,251,174.4,251,305.7,251,521.4
1290,7f94a1a7,Geometry and Trigonometry,Area and volume,Medium,D,4,PSAT_Math_Part4_q1051-1366.pdf,252,174.4,252,305.7,252,536.2
1291,c721811f,Geometry and Trigonometry,"Lines, angles, and triangles",Hard,B,4,PSAT_Math_Part4_q1051-1366.pdf,253,174.4,253,371.8,253,723.8
1292,9aa57971,Geometry and Trigonometry,"Lines, angles, and triangles",Easy,C,4,PSAT_Math_Part4_q1051-1366.pdf,254,174.4,254,556.6,254,787.0
1293,f8584dd3,Geometry and Trigonometry,Right triangles and trigonometry,Hard,B,4,PSAT_Math_Part4_q1051-1366.pdf,255,174.4,255,306.4,255,663.4
1294,74f32a28,Geometry and Trigonometry,"Lines, angles, and triangles",Medium,C,4,PSAT_Math_Part4_q1051-1366.pdf,256,174.4,256,305.7,256,536.1
1295,e280a2b3,Geometry and Trigonometry,"Lines, angles, and triangles",Medium,C,4,PSAT_Math_Part4_q1051-1366.pdf,257,174.4,257,510.2,257,844.0
1296,279d49a6,Geometry and Trigonometry,Area and volume,Medium,C,4,PSAT_Math_Part4_q1051-1366.pdf,258,174.4,258,413.3,258,675.3
1297,92ed0dbe,Geometry and Trigonometry,Area and volume,Hard,5800,4,PSAT_Math_Part4_q1051-1366.pdf,259,174.4,259,216.5,259,390.0
1298,a1eee276,Geometry and Trigonometry,Area and volume,Medium,36,4,PSAT_Math_Part4_q1051-1366.pdf,260,174.4,260,216.5,260,383.7
1299,a52db6d0,Geometry and Trigonometry,Area and volume,Hard,C,4,PSAT_Math_Part4_q1051-1366.pdf,261,174.4,261,320.5,261,595.9
1300,ac0a4d27,Geometry and Trigonometry,Area and volume,Easy,C,4,PSAT_Math_Part4_q1051-1366.pdf,262,174.4,262,305.7,262,580.4
1301,c20d4271,Geometry and Trigonometry,Right triangles and trigonometry,Medium,D,4,PSAT_Math_Part4_q1051-1366.pdf,263,157.5,263,496.2,263,711.8
1302,2095ae72,Geometry and Trigonometry,Right triangles and trigonometry,Hard,A,4,PSAT_Math_Part4_q1051-1366.pdf,264,174.4,264,308.6,264,653.5
1303,6b397531,Geometry and Trigonometry,"Lines, angles, and triangles",Medium,21,4,PSAT_Math_Part4_q1051-1366.pdf,265,174.4,265,216.5,265,413.2
1304,0f2297cc,Geometry and Trigonometry,"Lines, angles, and triangles",Hard,47,4,PSAT_Math_Part4_q1051-1366.pdf,266,174.4,266,222.1,266,636.6
1305,1a5eb1b1,Geometry and Trigonometry,Area and volume,Medium,C,4,PSAT_Math_Part4_q1051-1366.pdf,267,174.4,267,305.7,267,536.2
1306,28788ce0,Geometry and Trigonometry,"Lines, angles, and triangles",Medium,A,4,PSAT_Math_Part4_q1051-1366.pdf,268,174.4,268,571.4,268,846.1
1307,965a3451,Geometry and Trigonometry,Area and volume,Hard,C,4,PSAT_Math_Part4_q1051-1366.pdf,269,174.4,269,335.3,269,654.9
1308,a3c7621f,Geometry and Trigonometry,Area and volume,Medium,3,4,PSAT_Math_Part4_q1051-1366.pdf,270,174.4,270,222.1,270,389.3
1309,176eea04,Geometry and Trigonometry,Area and volume,Easy,A,4,PSAT_Math_Part4_q1051-1366.pdf,271,174.4,271,305.7,271,536.2
1310,361dc27b,Geometry and Trigonometry,Area and volume,Easy,C,4,PSAT_Math_Part4_q1051-1366.pdf,272,174.4,272,482.8,272,713.2
1311,33cb02bf,Geometry and Trigonometry,"Lines, angles, and triangles",Easy,B,4,PSAT_Math_Part4_q1051-1366.pdf,273,174.4,273,513.1,273,773.0
1312,cdd40566,Geometry and Trigonometry,"Lines, angles, and triangles",Medium,D,4,PSAT_Math_Part4_q1051-1366.pdf,274,174.4,274,335.3,274,580.4
1313,c921127e,Geometry and Trigonometry,Area and volume,Medium,D,4,PSAT_Math_Part4_q1051-1366.pdf,275,174.4,275,305.7,275,544.6
1314,cf5ba93c,Geometry and Trigonometry,Area and volume,Easy,C,4,PSAT_Math_Part4_q1051-1366.pdf,276,174.4,276,305.7,276,536.2
1315,0ee7cc7c,Geometry and Trigonometry,Area and volume,Hard,27,4,PSAT_Math_Part4_q1051-1366.pdf,277,174.4,277,222.1,277,389.3
1316,b64cd60b,Geometry and Trigonometry,Area and volume,Hard,D,4,PSAT_Math_Part4_q1051-1366.pdf,278,174.4,278,320.5,278,583.2
1317,03dbf471,Geometry and Trigonometry,Area and volume,Hard,A,4,PSAT_Math_Part4_q1051-1366.pdf,279,174.4,279,320.5,279,581.1
1318,27630f60,Geometry and Trigonometry,Area and volume,Hard,C,4,PSAT_Math_Part4_q1051-1366.pdf,280,174.4,280,434.3,280,814.4
1319,35e9579e,Geometry and Trigonometry,Area and volume,Medium,D,4,PSAT_Math_Part4_q1051-1366.pdf,281,174.4,281,305.7,281,536.2
1320,cd9eb419,Geometry and Trigonometry,"Lines, angles, and triangles",Hard,D,4,PSAT_Math_Part4_q1051-1366.pdf,282,174.4,282,511.6,283,18.9
1321,69e2199f,Geometry and Trigonometry,Area and volume,Easy,B,4,PSAT_Math_Part4_q1051-1366.pdf,284,174.4,284,320.5,284,565.7
1322,fb30fb60,Geometry and Trigonometry,Area and volume,Medium,D,4,PSAT_Math_Part4_q1051-1366.pdf,285,174.4,285,320.5,285,550.9
1323,4281df6c,Geometry and Trigonometry,Area and volume,Hard,D,4,PSAT_Math_Part4_q1051-1366.pdf,286,174.4,286,432.2,286,708.3
1324,60c17d6e,Geometry and Trigonometry,"Lines, angles, and triangles",Medium,B,4,PSAT_Math_Part4_q1051-1366.pdf,287,174.4,287,320.5,287,611.3
1325,c42eb820,Geometry and Trigonometry,"Lines, angles, and triangles",Easy,B,4,PSAT_Math_Part4_q1051-1366.pdf,288,174.4,288,554.5,288,770.2
1326,5a2734d6,Geometry and Trigonometry,"Lines, angles, and triangles",Hard,156,4,PSAT_Math_Part4_q1051-1366.pdf,289,174.4,289,421.0,289,632.4
1327,c9eaf5d3,Geometry and Trigonometry,"Lines, angles, and triangles",Easy,162,4,PSAT_Math_Part4_q1051-1366.pdf,290,174.4,290,458.2,290,640.2
1328,49570665,Geometry and Trigonometry,Right triangles and trigonometry,Hard,113,4,PSAT_Math_Part4_q1051-1366.pdf,291,174.4,291,222.8,291,421.6
1329,a3df7802,Geometry and Trigonometry,"Lines, angles, and triangles",Easy,A,4,PSAT_Math_Part4_q1051-1366.pdf,292,174.4,292,320.5,292,550.9
1330,5e651b6d,Geometry and Trigonometry,Area and volume,Easy,A,4,PSAT_Math_Part4_q1051-1366.pdf,293,174.4,293,320.5,293,580.4
1331,3e339853,Geometry and Trigonometry,Area and volume,Hard,1681,4,PSAT_Math_Part4_q1051-1366.pdf,294,174.4,294,216.5,294,398.4
1332,c3cae165,Geometry and Trigonometry,"Lines, angles, and triangles",Medium,70,4,PSAT_Math_Part4_q1051-1366.pdf,295,174.4,295,414.0,295,581.1
1333,fb51f672,Geometry and Trigonometry,Area and volume,Easy,986,4,PSAT_Math_Part4_q1051-1366.pdf,296,174.4,296,207.4,296,359.8
1334,0e997686,Geometry and Trigonometry,Right triangles and trigonometry,Medium,B,4,PSAT_Math_Part4_q1051-1366.pdf,297,174.4,297,513.0,297,773.7
1335,1cd5be79,Geometry and Trigonometry,Right triangles and trigonometry,Hard,C,4,PSAT_Math_Part4_q1051-1366.pdf,298,174.4,298,473.7,298,749.1
1336,6d21c3a6,Geometry and Trigonometry,"Lines, angles, and triangles",Medium,C,4,PSAT_Math_Part4_q1051-1366.pdf,299,174.4,299,471.6,299,702.0
1337,943f6a0f,Geometry and Trigonometry,"Lines, angles, and triangles",Hard,D,4,PSAT_Math_Part4_q1051-1366.pdf,300,174.4,300,335.3,300,580.4
1338,fc81c29e,Geometry and Trigonometry,"Lines, angles, and triangles",Medium,B,4,PSAT_Math_Part4_q1051-1366.pdf,301,174.4,301,577.7,302,18.9
1339,3a0830cc,Geometry and Trigonometry,Right triangles and trigonometry,Hard,".9811, 52/53",4,PSAT_Math_Part4_q1051-1366.pdf,303,174.4,303,409.7,303,645.8
1340,31790611,Geometry and Trigonometry,Area and volume,Medium,A,4,PSAT_Math_Part4_q1051-1366.pdf,304,174.4,304,320.5,304,580.4
1341,3109ecef,Geometry and Trigonometry,Area and volume,Hard,A,4,PSAT_Math_Part4_q1051-1366.pdf,305,174.4,305,320.5,305,745.6
1342,34ea807c,Geometry and Trigonometry,Area and volume,Hard,27556,4,PSAT_Math_Part4_q1051-1366.pdf,306,174.4,306,222.1,306,449.0
1343,52075564,Geometry and Trigonometry,"Lines, angles, and triangles",Easy,A,4,PSAT_Math_Part4_q1051-1366.pdf,307,174.4,307,457.5,307,703.4
1344,070511bc,Geometry and Trigonometry,Area and volume,Hard,4,4,PSAT_Math_Part4_q1051-1366.pdf,308,174.4,308,231.3,308,457.4
1345,72ea5f55,Geometry and Trigonometry,Area and volume,Medium,A,4,PSAT_Math_Part4_q1051-1366.pdf,309,174.4,309,320.5,309,580.4
1346,716b70c1,Geometry and Trigonometry,Area and volume,Hard,B,4,PSAT_Math_Part4_q1051-1366.pdf,310,174.4,310,589.6,311,155.3
1347,a97f2bbe,Geometry and Trigonometry,Right triangles and trigonometry,Medium,B,4,PSAT_Math_Part4_q1051-1366.pdf,312,174.4,312,513.0,312,743.5
1348,8211c0f2,Geometry and Trigonometry,"Lines, angles, and triangles",Hard,D,4,PSAT_Math_Part4_q1051-1366.pdf,313,174.4,313,527.1,314,18.9
1349,9a7ee377,Geometry and Trigonometry,Area and volume,Medium,A,4,PSAT_Math_Part4_q1051-1366.pdf,315,174.4,315,305.7,315,580.4
1350,28cf42b0,Geometry and Trigonometry,Area and volume,Medium,A,4,PSAT_Math_Part4_q1051-1366.pdf,316,174.4,316,320.5,316,595.9
1351,0e6301d0,Geometry and Trigonometry,"Lines, angles, and triangles",Hard,D,4,PSAT_Math_Part4_q1051-1366.pdf,317,157.5,317,303.6,317,534.0
1352,65975012,Geometry and Trigonometry,"Lines, angles, and triangles",Medium,A,4,PSAT_Math_Part4_q1051-1366.pdf,318,174.4,318,489.2,318,780.7
1353,b180d087,Geometry and Trigonometry,Right triangles and trigonometry,Medium,C,4,PSAT_Math_Part4_q1051-1366.pdf,319,174.4,319,513.1,319,743.5
1354,00f5029f,Geometry and Trigonometry,Area and volume,Easy,D,4,PSAT_Math_Part4_q1051-1366.pdf,320,174.4,320,305.7,320,550.9
1355,18e8b39b,Geometry and Trigonometry,Area and volume,Hard,"135/8, 16.87, 16.88",4,PSAT_Math_Part4_q1051-1366.pdf,321,174.4,321,216.5,321,427.9
1356,8eb0dbdd,Geometry and Trigonometry,"Lines, angles, and triangles",Hard,1660,4,PSAT_Math_Part4_q1051-1366.pdf,322,174.4,322,236.9,322,492.6
1357,3cdfddf0,Geometry and Trigonometry,Area and volume,Hard,B,4,PSAT_Math_Part4_q1051-1366.pdf,323,174.4,323,574.2,324,59.7
1358,57754a45,Geometry and Trigonometry,"Lines, angles, and triangles",Hard,54,4,PSAT_Math_Part4_q1051-1366.pdf,325,174.4,325,372.5,325,605.0
1359,1fafa02d,Geometry and Trigonometry,"Lines, angles, and triangles",Hard,"14.66, 14.67, 44/3",4,PSAT_Math_Part4_q1051-1366.pdf,326,174.4,326,217.2,326,508.0
1360,e2ae617a,Geometry and Trigonometry,Right triangles and trigonometry,Medium,45,4,PSAT_Math_Part4_q1051-1366.pdf,327,174.4,327,409.0,327,561.5
1361,67b1d8bb,Geometry and Trigonometry,"Lines, angles, and triangles",Easy,C,4,PSAT_Math_Part4_q1051-1366.pdf,328,174.4,328,305.7,328,536.2
1362,ad993e24,Geometry and Trigonometry,Right triangles and trigonometry,Hard,36,4,PSAT_Math_Part4_q1051-1366.pdf,329,174.4,329,202.4,329,408.3
1363,1c902848,Geometry and Trigonometry,Right triangles and trigonometry,Hard,D,4,PSAT_Math_Part4_q1051-1366.pdf,330,174.4,330,516.6,330,813.7
1364,77361a06,Geometry and Trigonometry,"Lines, angles, and triangles",Hard,B,4,PSAT_Math_Part4_q1051-1366.pdf,331,174.4,331,518.0,331,807.4
1365,aeb838ed,Geometry and Trigonometry,Right triangles and trigonometry,Hard,38,4,PSAT_Math_Part4_q1051-1366.pdf,332,174.4,332,348.6,332,674.6
1366,bdf1d4ad,Geometry and Trigonometry,Area and volume,Hard,1260,4,PSAT_Math_Part4_q1051-1366.pdf,333,174.4,333,251.6,333,464.5
